Id,Guid,MemberId,FirstName,LastName,FullName,CommitteeId,CommitteeName,MemberTypeId,Title,StartDate,EndDate,Version,Sort,LastUpdatedUTC
3847,0879114D-8CE1-4084-B7F5-F3C36188D1AF,7562,Margaret S.,Chin,Margaret S. Chin,3,Committee on Aging,1,Chairperson,2018-01-11T00:00:00,2021-12-31T00:00:00,AAAAAOV8hOg=,10,2018-01-11T15:10:04.167
3848,D7991589-B5CC-4555-9CC4-55E7B9BD855D,7742,Diana,Ayala,Diana Ayala ,3,Committee on Aging,3,Committee member,2018-01-11T00:00:00,2021-12-31T00:00:00,AAAAAOV8hVU=,20,2018-01-11T15:10:34.153
3849,FB647542-EA29-4A04-88CF-AA9D4C353305,7629,Chaim M.,Deutsch,Chaim M. Deutsch,3,Committee on Aging,3,Committee member,2018-01-11T00:00:00,2021-12-31T00:00:00,AAAAAOV8hVY=,30,2018-01-11T15:11:43.957
3850,6DCA54ED-5EEE-4F6A-B949-41159C1E49CF,7744,Ruben,"Diaz, Sr.","Ruben Diaz, Sr.",3,Committee on Aging,3,Committee member,2018-01-11T00:00:00,2021-12-31T00:00:00,AAAAAOV8hVc=,40,2018-01-11T15:12:40.013
3852,C8A5D85B-0152-445B-B03F-50F9475B72A8,7113,Mathieu,Eugene,Mathieu Eugene,3,Committee on Aging,3,Committee member,2018-01-11T00:00:00,2021-12-31T00:00:00,AAAAAOV8hVk=,60,2018-01-11T15:15:48.28
3853,F3D706EE-D37A-4E22-A0C0-C9AFA1FE8681,7568,Deborah L.,Rose,Deborah L. Rose,3,Committee on Aging,3,Committee member,2018-01-11T00:00:00,2021-12-31T00:00:00,AAAAAOV8hVo=,70,2018-01-11T15:16:37.12
3854,D1F5DAB8-651D-453B-A08A-829ACBAAE96A,7641,Mark,Treyger,Mark Treyger,3,Committee on Aging,3,Committee member,2018-01-11T00:00:00,2021-12-31T00:00:00,AAAAAOV8hXk=,80,2018-01-11T15:17:11.65
3855,D9DE258E-554E-44C9-A54A-A49A7D238C73,7642,Paul A.,Vallone,Paul A. Vallone,3,Committee on Aging,3,Committee member,2018-01-11T00:00:00,2021-12-31T00:00:00,AAAAAOV8hVs=,90,2018-01-11T15:17:50.793
3863,F6B1DA3A-DE29-42A8-8D0C-BF67A139F015,7637,I. Daneek,Miller,I. Daneek Miller,4,Committee on Civil Service and Labor,1,Chairperson,2018-01-11T00:00:00,2021-12-31T00:00:00,AAAAAOV8hTQ=,10,2018-01-11T19:09:24.553
3864,89F8DB14-1AB3-4756-9780-27D6B8BE3056,7739,Adrienne,Adams,Adrienne E. Adams,4,Committee on Civil Service and Labor,3,Committee member,2018-01-11T00:00:00,2021-12-31T00:00:00,AAAAAOV8hT0=,20,2018-01-11T19:10:14.46
3865,AF0D8C6F-38CC-4E98-BE1A-9C7B3CC43B66,7563,Daniel,Dromm,Daniel Dromm ,4,Committee on Civil Service and Labor,3,Committee member,2018-01-11T00:00:00,2021-12-31T00:00:00,AAAAAOV8hUM=,30,2018-01-11T19:10:55.997
3868,CF2CC745-84C3-412A-B1B7-09D948FC002A,7510,Eric A.,Ulrich,Eric A. Ulrich,4,Committee on Civil Service and Labor,3,Committee member,2018-01-11T00:00:00,2021-12-31T00:00:00,AAAAAOV8hUw=,60,2018-01-11T19:12:30.727
4226,014693E1-8CC8-487B-9EDA-0F73091466BF,7745,Francisco P.,Moya,Francisco P. Moya,4,Committee on Civil Service and Labor,3,Committee member,2019-04-10T00:00:00,2021-12-31T00:00:00,AAAAAOXMh6U=,55,2019-04-09T16:09:36.097
4261,1A2A582D-FCD8-4A4F-97DD-30E5193D0831,7785,Farah,Louis,Farah N. Louis,4,Committee on Civil Service and Labor,3,Committee member,2019-06-13T00:00:00,2021-12-31T00:00:00,AAAAAOXXE3w=,45,2019-06-13T17:52:49.54
4292,D122E9EE-6C76-4277-ADA5-EF45F2F7B226,7639,Helen K.,Rosenthal,Helen K. Rosenthal,4,Committee on Civil Service and Labor,3,Committee member,2019-10-30T00:00:00,2021-12-31T00:00:00,AAAAAOXsA0U=,58,2019-10-30T17:04:27.787
3876,A531DF8D-F6B3-4EE5-A706-6EC9EF99C447,7623,Inez D.,Barron,Inez D. Barron,6,Committee on Contracts,3,Committee member,2018-01-11T00:00:00,2021-12-31T00:00:00,AAAAAOV8hbY=,20,2018-01-11T19:41:04.68
3877,B3223751-2571-48B8-B53B-18E92565708C,430,Bill,Perkins,Bill Perkins,6,Committee on Contracts,3,Committee member,2018-01-11T00:00:00,2021-12-31T00:00:00,AAAAAOV8hbo=,30,2018-01-11T19:41:30.2
3878,449DDCF4-C6A9-4386-B30E-FE289B18ED24,7639,Helen K.,Rosenthal,Helen K. Rosenthal,6,Committee on Contracts,3,Committee member,2018-01-11T00:00:00,2021-12-31T00:00:00,AAAAAOV8hb4=,40,2018-01-11T19:51:49.427
3879,7E337BB6-FEF6-4AC6-BE19-B0701ABADD8F,7749,Kalman,Yeger,Kalman Yeger ,6,Committee on Contracts,3,Committee member,2018-01-11T00:00:00,2021-12-31T00:00:00,AAAAAOV8hcI=,50,2018-01-11T19:52:23.21
4235,BCADA8F5-2F48-4380-BF5D-1AFA2FC9D892,7632,Ben,Kallos,Ben Kallos,6,Committee on Contracts,1,Chairperson,2019-04-10T00:00:00,2021-12-31T00:00:00,AAAAAOXMuAs=,5,2019-04-09T18:03:10.763
3890,B71DFAC6-5634-4D42-9988-01337EC86B4D,7642,Paul A.,Vallone,Paul A. Vallone,7,Committee on Economic Development,1,Chairperson,2018-01-11T00:00:00,2021-12-31T00:00:00,AAAAAOV8iUs=,10,2018-01-11T20:16:10.283
3892,854A1732-CC50-4D06-ACE4-A7B083663E5F,7623,Inez D.,Barron,Inez D. Barron,7,Committee on Economic Development,3,Committee member,2018-01-11T00:00:00,2021-12-31T00:00:00,AAAAAOV8iVM=,30,2018-01-11T20:16:58.51
3893,1B490EB0-625E-4643-9F26-DA6915707B6E,7604,Robert E.,"Cornegy, Jr.","Robert E. Cornegy, Jr.",7,Committee on Economic Development,3,Committee member,2018-01-11T00:00:00,2021-12-31T00:00:00,AAAAAOV8iVc=,40,2018-01-11T20:17:22.59
3894,B3814381-B8A3-4705-A3AD-EF86E01DCF14,7565,Peter A.,Koo,Peter A. Koo,7,Committee on Economic Development,3,Committee member,2018-01-11T00:00:00,2021-12-31T00:00:00,AAAAAOV8iVs=,50,2018-01-11T20:17:46.653
3895,9080E667-A1DD-4A58-AE73-CF0DB5CCA45B,7566,Brad S.,Lander,Brad S. Lander,7,Committee on Economic Development,3,Council member,2018-01-11T00:00:00,2021-12-31T00:00:00,AAAAAOV8iV8=,60,2018-01-11T20:18:21.39
3897,4685A762-2569-4280-A702-96D3189CBD02,7636,Carlos,Menchaca,Carlos Menchaca,7,Committee on Economic Development,3,Committee member,2018-01-11T00:00:00,2021-12-31T00:00:00,AAAAAOV8iWc=,80,2018-01-11T20:19:50.977
3898,9E0389B7-F9A4-455E-B512-9F0A84A06A2A,7741,Keith,Powers,Keith Powers ,7,Committee on Economic Development,3,Committee member,2018-01-11T00:00:00,2021-12-31T00:00:00,AAAAAOV8iWs=,90,2018-01-11T20:20:18.26
4238,D29CB2B8-B204-405B-8F53-01FF629024F0,7743,Mark,Gjonaj,Mark Gjonaj ,7,Committee on Economic Development,3,Council member,2019-04-10T00:00:00,2021-12-31T00:00:00,AAAAAOXMjo0=,45,2019-04-09T18:14:02.283
4262,7A752D25-83B3-4561-AAD3-F4C12AE83450,7785,Farah,Louis,Farah N. Louis,7,Committee on Economic Development,3,Committee member,2019-06-13T00:00:00,2021-12-31T00:00:00,AAAAAOXXEwE=,65,2019-06-13T17:57:06.033
3903,8B93DD35-12B7-46A3-A145-82272559CC5C,7641,Mark,Treyger,Mark Treyger,9,Committee on Education,1,Chairperson,2018-01-11T00:00:00,2021-12-31T00:00:00,AAAAAOV8icE=,10,2018-01-11T20:35:04.333
3904,1A407AE5-08D7-4BA4-A925-5D101CAF4BA9,7747,Alicka,Ampry-Samuel,Alicka Ampry-Samuel ,9,Committee on Education,3,Committee member,2018-01-11T00:00:00,2021-12-31T00:00:00,AAAAAOV8icU=,20,2018-01-11T20:35:29.09
3905,7E16E8C0-7146-42CB-BACB-9A38C643DB08,7623,Inez D.,Barron,Inez D. Barron,9,Committee on Education,3,Committee member,2018-01-11T00:00:00,2021-12-31T00:00:00,AAAAAOV8ick=,30,2018-01-11T20:35:53.997
3906,1E7C1777-0938-4F13-971D-E65EB0D7F5A3,7264,Joseph,Borelli,Joseph C. Borelli,9,Committee on Education,3,Committee member,2018-01-11T00:00:00,2021-12-31T00:00:00,AAAAAOV8ic0=,40,2018-01-11T20:36:19.817
3907,392B9236-5D36-4ECB-AA43-FFE291625978,7748,Justin L.,Brannan,Justin L. Brannan,9,Committee on Education,3,Committee member,2018-01-11T00:00:00,2021-12-31T00:00:00,AAAAAOV8idE=,50,2018-01-11T20:36:42.26
3909,B6E0D428-9FB4-4DB5-9DE7-BD6E0784F085,7604,Robert E.,"Cornegy, Jr.","Robert E. Cornegy, Jr.",9,Committee on Education,3,Committee member,2018-01-11T00:00:00,2021-12-31T00:00:00,AAAAAOV8idk=,70,2018-01-11T20:37:49.163
3911,1DFCE0B7-A61E-425F-A42D-9F47A16F1721,7563,Daniel,Dromm,Daniel Dromm ,9,Committee on Education,3,Committee member,2018-01-11T00:00:00,2021-12-31T00:00:00,AAAAAOV8ieE=,90,2018-01-11T20:38:31.213
3912,DFF975D1-90D5-4D21-AC3A-2066DD98FD58,7691,Barry,Grodenchik,Barry S. Grodenchik,9,Committee on Education,3,Committee member,2018-01-11T00:00:00,2021-12-31T00:00:00,AAAAAOV8ieU=,100,2018-01-11T20:39:01.573
3913,E32CFC58-7027-4ED1-B14D-7D6F38D0C7A5,7632,Ben,Kallos,Ben Kallos,9,Committee on Education,3,Committee member,2018-01-11T00:00:00,2021-12-31T00:00:00,AAAAAOV8iek=,110,2018-01-11T20:39:28.2
3915,DC6EB458-A959-408A-83C8-C26D931EB4D7,7566,Brad S.,Lander,Brad S. Lander,9,Committee on Education,3,Committee member,2018-01-11T00:00:00,2021-12-31T00:00:00,AAAAAOV8ifE=,130,2018-01-11T20:40:24.287
3916,776A763E-5E4B-41E1-95D3-35363BA2E3B4,7567,Stephen T.,Levin,Stephen T. Levin,9,Committee on Education,3,Committee member,2018-01-11T00:00:00,2021-12-31T00:00:00,AAAAAOV8ifU=,140,2018-01-11T20:40:57.803
3917,DAD8DFF0-603B-4B48-B988-EE836F9B547E,7634,Mark,Levine,Mark Levine,9,Committee on Education,3,Committee member,2018-01-11T00:00:00,2021-12-31T00:00:00,AAAAAOV8ifk=,150,2018-01-11T20:41:20.82
3918,AFC0218F-0E1D-49C0-A086-1478F5B4ACC5,7541,Ydanis A.,Rodriguez,Ydanis A. Rodriguez,9,Committee on Education,3,Committee member,2018-01-11T00:00:00,2021-12-31T00:00:00,AAAAAOV8if0=,160,2018-01-11T20:41:54.49
3919,1AAC692D-E123-4CDF-A018-1B17AED74173,7568,Deborah L.,Rose,Deborah L. Rose,9,Committee on Education,3,Committee member,2018-01-11T00:00:00,2021-12-31T00:00:00,AAAAAOV8igI=,170,2018-01-11T20:42:29.32
3920,F8457880-9D55-43E6-86FB-80F95FC919B3,7714,Rafael,"Salamanca, Jr.","Rafael Salamanca, Jr.",9,Committee on Education,3,Committee member,2018-01-11T00:00:00,2021-12-31T00:00:00,AAAAAOV8igY=,180,2018-01-11T20:43:00.5
3921,C8030AF5-32E8-4DE0-B223-B91EC7F66CA7,7510,Eric A.,Ulrich,Eric A. Ulrich,9,Committee on Education,3,Committee member,2018-01-11T00:00:00,2021-12-31T00:00:00,AAAAAOV8igo=,190,2018-01-11T20:43:26.85
4263,717ACFE8-4749-4482-ABAD-D298088EBC24,7785,Farah,Louis,Farah N. Louis,9,Committee on Education,3,Committee member,2019-06-13T00:00:00,2021-12-31T00:00:00,AAAAAOXXE1A=,155,2019-06-13T18:00:08.28
4295,CF270EB1-C7F1-47E9-8413-DE116762D2E9,7637,I. Daneek,Miller,I. Daneek Miller,9,Committee on Education,3,Committee member,2019-10-30T00:00:00,2021-12-31T00:00:00,AAAAAOXsBAY=,158,2019-10-30T17:26:35.57
3922,83430E59-D2F3-448C-BF32-364129BFADC7,7627,Costa G.,Constantinides,Costa G. Constantinides,10,Committee on Environmental Protection,1,Chairperson,2018-01-11T00:00:00,2021-12-31T00:00:00,AAAAAOV8ihw=,10,2018-01-11T20:48:32.103
3923,42859BAC-71BD-43E9-AA4A-3054A333194D,7630,Rafael L.,"Espinal, Jr.","Rafael L. Espinal, Jr.",10,Committee on Environmental Protection,3,Committee member,2018-01-11T00:00:00,2021-12-31T00:00:00,AAAAAOV8iiA=,20,2018-01-11T20:49:05.4
3924,52568621-CB21-48DB-91BB-4F87B18C08B7,7567,Stephen T.,Levin,Stephen T. Levin,10,Committee on Environmental Protection,3,Council member,2018-01-11T00:00:00,2021-12-31T00:00:00,AAAAAOV8iiQ=,30,2018-01-11T20:49:35.63
3925,EC79EC11-8899-4C00-9DB9-5138D9AA3A25,7636,Carlos,Menchaca,Carlos Menchaca,10,Committee on Environmental Protection,3,Committee member,2018-01-11T00:00:00,2021-12-31T00:00:00,AAAAAOV8iig=,40,2018-01-11T20:50:04.26
3926,BF5643CA-2F63-4093-96D8-F0C453922E97,7617,Donovan J.,Richards,Donovan J. Richards,10,Committee on Environmental Protection,3,Committee member,2018-01-11T00:00:00,2021-12-31T00:00:00,AAAAAOV8iiw=,50,2018-01-11T20:50:26.603
3927,40037E21-F5A0-4D9E-98D5-EB76D22BE682,7510,Eric A.,Ulrich,Eric A. Ulrich,10,Committee on Environmental Protection,3,Committee member,2018-01-11T00:00:00,2021-12-31T00:00:00,AAAAAOV8ijA=,60,2018-01-11T20:50:52.137
3928,65DF0A03-EF0F-45F0-9573-F28A2500EBA5,7749,Kalman,Yeger,Kalman Yeger ,10,Committee on Environmental Protection,3,Committee member,2018-01-11T00:00:00,2021-12-31T00:00:00,AAAAAOV8ijQ=,70,2018-01-11T20:51:19.14
3929,45A187DE-05FE-47F2-A31C-8861BFA5DC1A,7563,Daniel,Dromm,Daniel Dromm ,11,Committee on Finance,3,Chairperson,2018-01-11T00:00:00,2021-12-31T00:00:00,AAAAAOV8ij8=,10,2018-01-11T20:56:55.92
3930,3A43B989-756C-4C4A-9A57-B04D84CAB1AE,7739,Adrienne,Adams,Adrienne E. Adams,11,Committee on Finance,3,Committee member,2018-01-11T00:00:00,2021-12-31T00:00:00,AAAAAOV8ikM=,20,2018-01-11T20:57:24.487
3932,A6636DD6-BD68-458E-98FF-76D6E0F2F42B,7604,Robert E.,"Cornegy, Jr.","Robert E. Cornegy, Jr.",11,Committee on Finance,3,Committee member,2018-01-11T00:00:00,2021-12-31T00:00:00,AAAAAOV8iks=,40,2018-01-11T20:58:18.493
3933,80E366FB-3050-411E-83A9-64671A3BC43A,7628,Laurie A.,Cumbo,Laurie A. Cumbo,11,Committee on Finance,3,Committee member,2018-01-11T00:00:00,2021-12-31T00:00:00,AAAAAOV8ik8=,50,2018-01-11T20:58:47.103
3934,75B73D30-A911-432A-89E7-F4A8CFD1ADAC,7622,Vanessa L.,Gibson,Vanessa L. Gibson,11,Committee on Finance,3,Committee member,2018-01-11T00:00:00,2021-12-31T00:00:00,AAAAAOV8ilM=,60,2018-01-11T20:59:13.34
3935,A3D04631-091B-46DD-B166-6BCAE71FDD81,7691,Barry,Grodenchik,Barry S. Grodenchik,11,Committee on Finance,3,Committee member,2018-01-11T00:00:00,2021-12-31T00:00:00,AAAAAOV8ilc=,70,2018-01-11T20:59:39.213
3936,8A95388C-4B44-48B3-9738-0BB1A03D7EB8,7633,Rory I.,Lancman,Rory I. Lancman,11,Committee on Finance,3,Committee member,2018-01-11T00:00:00,2021-12-31T00:00:00,AAAAAOV8ils=,80,2018-01-11T21:00:06.513
3937,833B1570-B141-4F3B-8EB2-9394048994D6,5953,Steven,Matteo,Steven Matteo,11,Committee on Finance,3,Committee member,2018-01-11T00:00:00,2021-12-31T00:00:00,AAAAAOV8il8=,90,2018-01-11T21:00:32.41
3938,C9B43078-4E98-4D08-AFB0-CC2585190F67,7745,Francisco P.,Moya,Francisco P. Moya,11,Committee on Finance,3,Committee member,2018-01-11T00:00:00,2021-12-31T00:00:00,AAAAAOV8imM=,100,2018-01-11T21:01:04.49
3939,1AD471E5-B9AA-417F-9149-40F710A422F9,7741,Keith,Powers,Keith Powers ,11,Committee on Finance,3,Committee member,2018-01-11T00:00:00,2021-12-31T00:00:00,AAAAAOV8imc=,110,2018-01-11T21:01:27.633
3940,16919B21-9264-4C8E-8548-94815E6B4CA0,7639,Helen K.,Rosenthal,Helen K. Rosenthal,11,Committee on Finance,3,Committee member,2018-01-11T00:00:00,2021-12-31T00:00:00,AAAAAOV8ims=,120,2018-01-11T21:01:56.853
3941,CF989023-8C9E-4D28-904D-D2946BC7949E,7569,James G.,Van Bramer,James G. Van Bramer,11,Committee on Finance,3,Committee member,2018-01-11T00:00:00,2021-12-31T00:00:00,AAAAAOV8im8=,130,2018-01-11T21:02:23.23
4258,9A87B226-EDE2-4E44-A21B-5260C9BEAF8B,7743,Mark,Gjonaj,Mark Gjonaj ,11,Committee on Finance,3,Committee member,2019-04-09T00:00:00,2021-12-31T00:00:00,AAAAAOXPrSM=,65,2019-05-02T20:33:49.027
4264,B8756F21-E276-42A9-8904-ECC4854CFB0C,7785,Farah,Louis,Farah N. Louis,11,Committee on Finance,3,Council member,2019-06-13T00:00:00,2021-12-31T00:00:00,AAAAAOXXE1w=,85,2019-06-13T18:03:01.537
4296,4A79B511-58B0-4662-845C-0FC53C4111F1,386,Karen,Koslowitz,Karen Koslowitz,11,Committee on Finance,3,Committee member,2019-10-30T00:00:00,2021-12-31T00:00:00,AAAAAOXsBCA=,75,2019-10-30T17:31:30.723
3954,D16F10FE-0008-49FB-ADB2-41D27FADDAEC,7567,Stephen T.,Levin,Stephen T. Levin,12,Committee on General Welfare,1,Chairperson,2018-01-11T00:00:00,2021-12-31T00:00:00,AAAAAOV8iuM=,10,2018-01-11T21:22:38.903
3957,C2590DDD-AB6D-4251-8C21-E9B5C3BDC286,7622,Vanessa L.,Gibson,Vanessa L. Gibson,12,Committee on General Welfare,3,Committee member,2018-01-11T00:00:00,2021-12-31T00:00:00,AAAAAOV8iu8=,40,2018-01-11T21:23:50.607
3959,2864A144-FAB4-4E8C-8DEF-5CD98F9B9E65,7691,Barry,Grodenchik,Barry S. Grodenchik,12,Committee on General Welfare,3,Committee member,2018-01-11T00:00:00,2021-12-31T00:00:00,AAAAAOV8ivc=,60,2018-01-11T21:24:44.47
3960,207043A1-F22E-4219-839A-F8E04EAECF16,7566,Brad S.,Lander,Brad S. Lander,12,Committee on General Welfare,3,Committee member,2018-01-11T00:00:00,2021-12-31T00:00:00,AAAAAOV8ivs=,70,2018-01-11T21:25:09.55
3961,45DEFC1E-45ED-42C6-B2B5-2A8262648D40,7638,Antonio,Reynoso,Antonio Reynoso,12,Committee on General Welfare,3,Committee member,2018-01-11T00:00:00,2021-12-31T00:00:00,AAAAAOV8iv8=,80,2018-01-11T21:25:39.41
3962,7471D607-9F73-43C2-9DDE-D004157AE4A3,7714,Rafael,"Salamanca, Jr.","Rafael Salamanca, Jr.",12,Committee on General Welfare,3,Committee member,2018-01-11T00:00:00,2021-12-31T00:00:00,AAAAAOV8iwM=,90,2018-01-11T21:26:03.95
3963,BA21B287-C901-4968-90A7-22DF3183BB6E,7640,Ritchie J.,Torres,Ritchie J. Torres,12,Committee on General Welfare,3,Committee member,2018-01-11T00:00:00,2021-12-31T00:00:00,AAAAAOV8iwc=,100,2018-01-11T21:26:37.843
3964,FDBE6823-00C2-45F3-8945-74BF8A6BB2D8,7641,Mark,Treyger,Mark Treyger,12,Committee on General Welfare,3,Committee member,2018-01-11T00:00:00,2021-12-31T00:00:00,AAAAAOV8iws=,110,2018-01-11T21:27:02.31
4297,D9B40BEA-10C5-4ECF-A98A-9ECE27AD5237,7746,Robert F.,Holden,Robert F. Holden,12,Committee on General Welfare,3,Committee member,2019-10-30T00:00:00,2021-12-31T00:00:00,AAAAAOXsBC0=,65,2019-10-30T17:34:42.383
3965,040AC42F-210B-4599-BF1B-0AF9162D558F,7561,Fernando,Cabrera,Fernando Cabrera ,13,Committee on Governmental Operations,1,Chairperson,2018-01-11T00:00:00,2021-12-31T00:00:00,AAAAAOV8ix0=,10,2018-01-11T21:31:15.3
3966,CDEE1C67-C1DF-4FF5-BEFA-BA68B3822ED4,7632,Ben,Kallos,Ben Kallos,13,Committee on Governmental Operations,3,Committee member,2018-01-11T00:00:00,2021-12-31T00:00:00,AAAAAOV8iyE=,20,2018-01-11T21:31:39.3
3967,0AE42244-6227-4499-BBF9-43195B4A5709,7635,Alan N.,Maisel,Alan N. Maisel,13,Committee on Governmental Operations,3,Committee member,2018-01-11T00:00:00,2021-12-31T00:00:00,AAAAAOV8iyU=,30,2018-01-11T21:32:05.783
3968,78ADBE01-A3A6-4C77-9541-4C26806C14F8,430,Bill,Perkins,Bill Perkins,13,Committee on Governmental Operations,3,Committee member,2018-01-11T00:00:00,2021-12-31T00:00:00,AAAAAOV8iyk=,40,2018-01-11T21:32:30.723
3969,1A0536B8-8FBB-4811-B7EA-956EE9A55989,7741,Keith,Powers,Keith Powers ,13,Committee on Governmental Operations,3,Committee member,2018-01-11T00:00:00,2021-12-31T00:00:00,AAAAAOV8iy0=,50,2018-01-11T21:32:54.037
3970,B5D943B8-E0FD-4547-B42F-8DED0EC0D4E1,7541,Ydanis A.,Rodriguez,Ydanis A. Rodriguez,13,Committee on Governmental Operations,3,Committee member,2018-01-11T00:00:00,2021-12-31T00:00:00,AAAAAOV8izE=,60,2018-01-11T21:33:14.393
3971,AF2D586E-76DF-4FE4-A607-90D44DA4048D,7749,Kalman,Yeger,Kalman Yeger ,13,Committee on Governmental Operations,3,Committee member,2018-01-11T00:00:00,2021-12-31T00:00:00,AAAAAOV8izU=,70,2018-01-11T21:33:37.677
3972,C3EADEED-6780-4388-A098-865F42B30A40,7634,Mark,Levine,Mark Levine,14,Committee on Health,1,Chairperson,2018-01-11T00:00:00,2021-12-31T00:00:00,AAAAAOV8i0A=,10,2018-01-11T21:37:16.363
3973,ECC00A11-F634-4BBE-B377-5949318BFB42,7747,Alicka,Ampry-Samuel,Alicka Ampry-Samuel ,14,Committee on Health,3,Committee member,2018-01-11T00:00:00,2021-12-31T00:00:00,AAAAAOV8i0Q=,20,2018-01-11T21:37:38.333
3974,AC1DF408-EFEB-4D3B-8BB6-3AD4CCBE03AB,7623,Inez D.,Barron,Inez D. Barron,14,Committee on Health,3,Committee member,2018-01-11T00:00:00,2021-12-31T00:00:00,AAAAAOV8i0g=,30,2018-01-11T21:37:56.34
3975,D5AA0A4E-3E90-4E90-9900-44276FE90C89,7113,Mathieu,Eugene,Mathieu Eugene,14,Committee on Health,3,Committee member,2018-01-11T00:00:00,2021-12-31T00:00:00,AAAAAOV8i0w=,40,2018-01-11T21:38:20.26
3976,66EB46C9-CDE0-4724-B6A3-713919245268,7741,Keith,Powers,Keith Powers ,14,Committee on Health,3,Committee member,2018-01-11T00:00:00,2021-12-31T00:00:00,AAAAAOV8i1A=,50,2018-01-11T21:38:49.963
4227,30BD98C0-0115-4EBB-A213-0EBC539DE37C,7624,Andrew,Cohen,Andrew Cohen,14,Committee on Health,3,Committee member,2019-04-10T00:00:00,2021-12-31T00:00:00,AAAAAOXMiwU=,35,2019-04-09T17:27:29.747
4228,30443767-638A-4B7D-BE58-F587272708A3,7746,Robert F.,Holden,Robert F. Holden,14,Committee on Health,3,Committee member,2019-04-10T00:00:00,2021-12-31T00:00:00,AAAAAOXMiwc=,45,2019-04-09T17:28:07.25
3979,E17CC47F-1620-49B2-9260-35C20F24A20E,7623,Inez D.,Barron,Inez D. Barron,15,Committee on Higher Education,1,Chairperson,2018-01-11T00:00:00,2021-12-31T00:00:00,AAAAAOV8jp8=,10,2018-01-11T22:00:23.323
3980,AE8EE48A-9399-4466-8967-BB3B219593BF,7628,Laurie A.,Cumbo,Laurie A. Cumbo,15,Committee on Higher Education,3,Committee member,2018-01-11T00:00:00,2021-12-31T00:00:00,AAAAAOV8jrw=,20,2018-01-11T22:00:52.15
3983,BFDB02F8-775A-4265-AD51-4007646693A2,7541,Ydanis A.,Rodriguez,Ydanis A. Rodriguez,15,Committee on Higher Education,3,Committee member,2018-01-11T00:00:00,2021-12-31T00:00:00,AAAAAOV8j0E=,50,2018-01-11T22:02:11
4241,9DF5BD1A-2A89-4465-B0D8-8A49EE1B9C51,7635,Alan N.,Maisel,Alan N. Maisel,15,Committee on Higher Education,3,Committee member,2019-04-10T00:00:00,2021-12-31T00:00:00,AAAAAOXMjxE=,47,2019-04-09T18:35:16.793
4265,0B1D5A4A-454F-4DBD-8B78-E584AEF2DFCA,7510,Eric A.,Ulrich,Eric A. Ulrich,15,Committee on Higher Education,3,Committee member,2019-06-13T00:00:00,2021-12-31T00:00:00,AAAAAOXXFtw=,60,2019-06-13T18:07:10.66
3989,CCE42B93-4B54-4E12-ABFD-D090B42BB33E,7604,Robert E.,"Cornegy, Jr.","Robert E. Cornegy, Jr.",16,Committee on Housing and Buildings,3,Chairperson,2018-01-11T00:00:00,2021-12-31T00:00:00,AAAAAOV8kao=,10,2018-01-12T16:14:15
3990,7A381739-0A94-4FE9-8007-F08FCE21FAE3,7561,Fernando,Cabrera,Fernando Cabrera ,16,Committee on Housing and Buildings,3,Committee member,2018-01-11T00:00:00,2021-12-31T00:00:00,AAAAAOV8ka4=,20,2018-01-12T16:14:39.877
3991,1C060E7F-2E6C-4802-B695-BAB6734088D3,7562,Margaret S.,Chin,Margaret S. Chin,16,Committee on Housing and Buildings,3,Committee member,2018-01-11T00:00:00,2021-12-31T00:00:00,AAAAAOV8kbI=,30,2018-01-12T16:15:05.27
3992,27A8DFEF-FD3F-4FDF-A858-EC23C880C8AB,7630,Rafael L.,"Espinal, Jr.","Rafael L. Espinal, Jr.",16,Committee on Housing and Buildings,3,Committee member,2018-01-11T00:00:00,2021-12-31T00:00:00,AAAAAOV8kbY=,40,2018-01-12T16:15:31.053
3993,49778A5B-5F2F-4987-82B5-A64ABA80129E,7743,Mark,Gjonaj,Mark Gjonaj ,16,Committee on Housing and Buildings,3,Committee member,2018-01-11T00:00:00,2021-12-31T00:00:00,AAAAAOV8kbo=,50,2018-01-12T16:15:57.39
3994,CBE02DFC-1DC8-4A34-8EF7-AACC2C26FD19,7691,Barry,Grodenchik,Barry S. Grodenchik,16,Committee on Housing and Buildings,3,Committee member,2018-01-11T00:00:00,2021-12-31T00:00:00,AAAAAOV8kb4=,60,2018-01-12T16:16:21.963
3995,DB3DE19C-9A93-4CEB-890C-B29EF4B2CE21,430,Bill,Perkins,Bill Perkins,16,Committee on Housing and Buildings,3,Committee member,2018-01-11T00:00:00,2021-12-31T00:00:00,AAAAAOV8kcI=,70,2018-01-12T16:16:49.697
3996,F1D603CD-A83C-472C-B5B2-D5184F79E50F,7740,Carlina,Rivera,Carlina Rivera ,16,Committee on Housing and Buildings,3,Committee member,2018-01-11T00:00:00,2021-12-31T00:00:00,AAAAAOV8kcY=,80,2018-01-12T16:17:12.483
3997,50FB4C86-C38D-4998-AA1D-016B38122E0F,7639,Helen K.,Rosenthal,Helen K. Rosenthal,16,Committee on Housing and Buildings,3,Committee member,2018-01-11T00:00:00,2021-12-31T00:00:00,AAAAAOV8kco=,90,2018-01-12T16:17:34.44
3998,7F6BEF61-F885-45CB-90C3-5915DBF96958,7640,Ritchie J.,Torres,Ritchie J. Torres,16,Committee on Housing and Buildings,3,Committee member,2018-01-11T00:00:00,2021-12-31T00:00:00,AAAAAOV8kc4=,100,2018-01-12T16:18:00.75
4266,7EEA330F-11CB-40F2-8EBA-377AF82D4802,7785,Farah,Louis,Farah N. Louis,16,Committee on Housing and Buildings,3,Committee member,2019-06-13T00:00:00,2021-12-31T00:00:00,AAAAAOXXE5M=,65,2019-06-13T18:18:10.62
4019,45072DD4-716C-4CBB-8E39-647181C6BD90,7714,Rafael,"Salamanca, Jr.","Rafael Salamanca, Jr.",17,Committee on Land Use,1,Chairperson,2018-01-11T00:00:00,2021-12-31T00:00:00,AAAAAOV8kkg=,10,2018-01-12T16:42:42.033
4020,C2F29083-81CE-4606-A3AE-CE0CF4DF4107,7739,Adrienne,Adams,Adrienne E. Adams,17,Committee on Land Use,3,Committee member,2018-01-11T00:00:00,2021-12-31T00:00:00,AAAAAOV8kkw=,20,2018-01-12T16:43:05.91
4021,1028360E-EF80-46C6-B514-D0E1A7FD0408,7623,Inez D.,Barron,Inez D. Barron,17,Committee on Land Use,3,Committee member,2018-01-11T00:00:00,2021-12-31T00:00:00,AAAAAOV8klA=,30,2018-01-12T16:44:06.22
4023,01F55685-8D59-4122-B35C-35B5E781ADDC,7629,Chaim M.,Deutsch,Chaim M. Deutsch,17,Committee on Land Use,3,Committee member,2018-01-11T00:00:00,2021-12-31T00:00:00,AAAAAOV8klg=,50,2018-01-12T16:45:19.89
4024,EC92958F-4C3B-4185-87A0-A381409B4012,7744,Ruben,"Diaz, Sr.","Ruben Diaz, Sr.",17,Committee on Land Use,3,Committee member,2018-01-11T00:00:00,2021-12-31T00:00:00,AAAAAOV8klw=,60,2018-01-12T16:45:44.703
4025,3FBB6167-1CEE-42F0-8B9D-4C8EB52F92D7,7622,Vanessa L.,Gibson,Vanessa L. Gibson,17,Committee on Land Use,3,Committee member,2018-01-11T00:00:00,2021-12-31T00:00:00,AAAAAOV8kmA=,70,2018-01-12T16:46:05.203
4026,D24947E1-19DE-491E-A1DD-13FB109FDFEE,7691,Barry,Grodenchik,Barry S. Grodenchik,17,Committee on Land Use,3,Committee member,2018-01-11T00:00:00,2021-12-31T00:00:00,AAAAAOV8kmU=,80,2018-01-12T16:46:27.64
4029,BB35EF83-DE05-49A9-A796-43168D762C63,7565,Peter A.,Koo,Peter A. Koo,17,Committee on Land Use,3,Committee member,2018-01-11T00:00:00,2021-12-31T00:00:00,AAAAAOV8knE=,110,2018-01-12T16:47:29.47
4030,56BA5E27-3595-44BC-B9FF-6A818D630394,7633,Rory I.,Lancman,Rory I. Lancman,17,Committee on Land Use,3,Committee member,2018-01-11T00:00:00,2021-12-31T00:00:00,AAAAAOV8knU=,120,2018-01-12T16:47:52.58
4031,CA065559-6211-47DB-B048-74C2C43F0FB6,7567,Stephen T.,Levin,Stephen T. Levin,17,Committee on Land Use,3,Committee member,2018-01-11T00:00:00,2021-12-31T00:00:00,AAAAAOV8knk=,130,2018-01-12T16:48:26.783
4032,13998CB8-0CF3-4CC2-BC7F-F986B2E2BF4C,7637,I. Daneek,Miller,I. Daneek Miller,17,Committee on Land Use,3,Committee member,2018-01-11T00:00:00,2021-12-31T00:00:00,AAAAAOV8kn0=,140,2018-01-12T16:48:47.423
4033,6FB55B77-20FC-4270-B930-10E7A5599F8E,7745,Francisco P.,Moya,Francisco P. Moya,17,Committee on Land Use,3,Committee member,2018-01-11T00:00:00,2021-12-31T00:00:00,AAAAAOV8koE=,150,2018-01-12T16:49:16.41
4034,8483859C-AF84-4646-8642-DFAEA280F136,7638,Antonio,Reynoso,Antonio Reynoso,17,Committee on Land Use,3,Committee member,2018-01-11T00:00:00,2021-12-31T00:00:00,AAAAAOV8koU=,160,2018-01-12T16:49:38.88
4035,4E03292B-D4E3-4D1D-A5DE-BD15EACB6498,7617,Donovan J.,Richards,Donovan J. Richards,17,Committee on Land Use,3,Committee member,2018-01-11T00:00:00,2021-12-31T00:00:00,AAAAAOV8kok=,170,2018-01-12T16:50:02.24
4036,5E05564E-5F8B-401C-9DB6-89012CDE571A,7740,Carlina,Rivera,Carlina Rivera ,17,Committee on Land Use,3,Committee member,2018-01-11T00:00:00,2021-12-31T00:00:00,AAAAAOV8ko0=,180,2018-01-12T16:50:27.8
4038,00C0398E-9C1E-498D-A285-76E3A1E75B92,7641,Mark,Treyger,Mark Treyger,17,Committee on Land Use,3,Committee member,2018-01-11T00:00:00,2021-12-31T00:00:00,AAAAAOV8kpU=,200,2018-01-12T16:51:14.667
4073,62AC1A81-6167-4FDD-8460-1FCAE0AF71DD,7617,Donovan J.,Richards,Donovan J. Richards,19,Committee on Public Safety,1,Chairperson,2018-01-11T00:00:00,2021-12-31T00:00:00,AAAAAOV8k5E=,10,2018-01-12T17:49:07.173
4074,61BA6DC6-5BE7-4923-B0CD-4BB9C6EDD173,7748,Justin L.,Brannan,Justin L. Brannan,19,Committee on Public Safety,3,Committee member,2018-01-11T00:00:00,2021-12-31T00:00:00,AAAAAOV8k5U=,20,2018-01-12T17:49:27.753
4075,8BDE1CA9-A389-422B-A765-193BBD8EB56E,7561,Fernando,Cabrera,Fernando Cabrera ,19,Committee on Public Safety,3,Committee member,2018-01-11T00:00:00,2021-12-31T00:00:00,AAAAAOV8k5k=,30,2018-01-12T17:49:49.137
4076,7F50583A-5A0B-42D6-B4C8-4C86C091FB1F,7624,Andrew,Cohen,Andrew Cohen,19,Committee on Public Safety,3,Committee member,2018-01-11T00:00:00,2021-12-31T00:00:00,AAAAAOV8k50=,40,2018-01-12T17:50:12.61
4077,1355C333-9001-45EC-8387-09DB132C9B68,7629,Chaim M.,Deutsch,Chaim M. Deutsch,19,Committee on Public Safety,3,Committee member,2018-01-11T00:00:00,2021-12-31T00:00:00,AAAAAOV8k6E=,50,2018-01-12T17:50:34.347
4078,F2CF93DC-DA17-46E6-8DEE-01433E7ED1C5,7622,Vanessa L.,Gibson,Vanessa L. Gibson,19,Committee on Public Safety,3,Committee member,2018-01-11T00:00:00,2021-12-31T00:00:00,AAAAAOV8k6U=,60,2018-01-12T17:50:55.16
4079,C9DF9F9E-14F4-4E5F-B0CA-D421F4051AFB,7633,Rory I.,Lancman,Rory I. Lancman,19,Committee on Public Safety,3,Committee member,2018-01-11T00:00:00,2021-12-31T00:00:00,AAAAAOV8k6k=,70,2018-01-12T17:51:18.107
4080,6C7E1619-4784-468C-B2E3-6C557392E3F8,7636,Carlos,Menchaca,Carlos Menchaca,19,Committee on Public Safety,3,Committee member,2018-01-11T00:00:00,2021-12-31T00:00:00,AAAAAOV8k60=,80,2018-01-12T17:51:51.373
4081,D81CE79C-8E48-49C5-BBBD-1A9BBD773E83,7637,I. Daneek,Miller,I. Daneek Miller,19,Committee on Public Safety,3,Committee member,2018-01-11T00:00:00,2021-12-31T00:00:00,AAAAAOV8k7E=,90,2018-01-12T17:52:14.567
4082,566FA66A-0081-4734-85FB-8A54E27C2639,7741,Keith,Powers,Keith Powers ,19,Committee on Public Safety,3,Committee member,2018-01-11T00:00:00,2021-12-31T00:00:00,AAAAAOV8k7U=,100,2018-01-12T17:52:38.44
4083,69A77ED1-3889-42DB-9FEC-E39FC09B6DC0,7541,Ydanis A.,Rodriguez,Ydanis A. Rodriguez,19,Committee on Public Safety,3,Committee member,2018-01-11T00:00:00,2021-12-31T00:00:00,AAAAAOV8k7k=,110,2018-01-12T17:53:23.46
4084,7BB84A76-0F2E-4A81-B076-5C1477071893,7642,Paul A.,Vallone,Paul A. Vallone,19,Committee on Public Safety,3,Committee member,2018-01-11T00:00:00,2021-12-31T00:00:00,AAAAAOV8k70=,120,2018-01-12T17:53:43.617
4245,2C9F3597-4BF2-4C0C-BDD4-D414BD8C0732,7739,Adrienne,Adams,Adrienne E. Adams,19,Committee on Public Safety,3,Committee member,2019-04-10T00:00:00,2021-12-31T00:00:00,AAAAAOXMt0U=,15,2019-04-10T14:27:22.377
3838,242B32D9-D670-4008-8783-0732834EC21E,7562,Margaret S.,Chin,Margaret S. Chin,20,"Committee on Rules, Privileges and Elections",3,Committee member,2018-01-03T00:00:00,2021-12-31T00:00:00,AAAAAOV7kxo=,30,2018-01-02T20:55:20.383
3840,E1F30FEE-502E-4CDC-A020-10EE48E2FE5A,7630,Rafael L.,"Espinal, Jr.","Rafael L. Espinal, Jr.",20,"Committee on Rules, Privileges and Elections",3,Committee member,2018-01-03T00:00:00,2021-12-31T00:00:00,AAAAAOV7kxw=,50,2018-01-02T20:56:23.587
3841,B4A2D8B2-1B6E-45CF-B4B4-D55A88D3DED3,7622,Vanessa L.,Gibson,Vanessa L. Gibson,20,"Committee on Rules, Privileges and Elections",3,Committee member,2018-01-03T00:00:00,2021-12-31T00:00:00,AAAAAOV7kx0=,60,2018-01-02T20:56:54.837
3842,3A7FE829-9469-481D-A532-01ED2A47FCD8,7631,Corey D.,Johnson,Corey D. Johnson,20,"Committee on Rules, Privileges and Elections",5,Committee member,2018-01-03T00:00:00,2021-12-31T00:00:00,AAAAAOV8k9g=,70,2018-01-02T20:57:21.23
3844,D769A0DC-E3B6-450C-AAD0-238D0C523D36,5953,Steven,Matteo,Steven Matteo,20,"Committee on Rules, Privileges and Elections",3,Committee member,2018-01-03T00:00:00,2021-12-31T00:00:00,AAAAAOV7kyA=,90,2018-01-02T20:58:27.637
3845,14BA6399-7E62-4615-B6DB-E5C778DE056E,7640,Ritchie J.,Torres,Ritchie J. Torres,20,"Committee on Rules, Privileges and Elections",3,Committee member,2018-01-03T00:00:00,2021-12-31T00:00:00,AAAAAOV7kyE=,100,2018-01-02T20:59:01.997
3846,8D705B09-024B-410F-A322-CCBAFF43430A,7641,Mark,Treyger,Mark Treyger,20,"Committee on Rules, Privileges and Elections",3,Committee member,2018-01-03T00:00:00,2021-12-31T00:00:00,AAAAAOV7kyI=,110,2018-01-02T20:59:59.31
4086,FD8EFF8E-C464-4671-9213-C4B65D4F7DCC,386,Karen,Koslowitz,Karen Koslowitz,20,"Committee on Rules, Privileges and Elections",1,Chairperson,2018-01-11T00:00:00,2021-12-31T00:00:00,AAAAAOV8k8w=,10,2018-01-12T17:56:55.55
4087,BEBDF858-F62C-4A1B-B40B-BC8F0C12846E,7739,Adrienne,Adams,Adrienne E. Adams,20,"Committee on Rules, Privileges and Elections",3,Committee member,2018-01-11T00:00:00,2021-12-31T00:00:00,AAAAAOV8k9w=,20,2018-01-12T18:01:47.74
4088,68A20FD3-323E-4192-86FA-15C50B18D2D0,7633,Rory I.,Lancman,Rory I. Lancman,20,"Committee on Rules, Privileges and Elections",3,Committee member,2018-01-11T00:00:00,2021-12-31T00:00:00,AAAAAOV8k+A=,80,2018-01-12T18:02:23.32
4246,38165C07-C11A-4819-9787-F73A16896D4A,7568,Deborah L.,Rose,Deborah L. Rose,20,"Committee on Rules, Privileges and Elections",3,Committee member,2019-04-10T00:00:00,2021-12-31T00:00:00,AAAAAOXMt1E=,95,2019-04-10T14:30:00.987
4099,9B32B35E-7031-4D00-A6C7-8D7E5D739904,5953,Steven,Matteo,Steven Matteo,21,Committee on Standards and Ethics,1,Chairperson,2018-01-11T00:00:00,2021-12-31T00:00:00,AAAAAOV8lDA=,10,2018-01-12T18:14:43.85
4100,D8472E91-5DE1-4BD1-942E-3A25DECABFDC,7562,Margaret S.,Chin,Margaret S. Chin,21,Committee on Standards and Ethics,3,Committee member,2018-01-11T00:00:00,2021-12-31T00:00:00,AAAAAOV8lDQ=,20,2018-01-12T18:15:07.897
4101,0E8EDD43-9937-4404-8C71-40C6CE3B476B,7622,Vanessa L.,Gibson,Vanessa L. Gibson,21,Committee on Standards and Ethics,3,Committee member,2018-01-11T00:00:00,2021-12-31T00:00:00,AAAAAOV8lDg=,30,2018-01-12T18:15:28.82
4102,8FDED9BC-20AF-46A2-A11E-DF2761FB5B24,386,Karen,Koslowitz,Karen Koslowitz,21,Committee on Standards and Ethics,3,Committee member,2018-01-11T00:00:00,2021-12-31T00:00:00,AAAAAOV8lDw=,40,2018-01-12T18:15:49.083
4103,1F2F35B5-E6C0-42DD-8B6C-68AC60AE8178,7567,Stephen T.,Levin,Stephen T. Levin,21,Committee on Standards and Ethics,3,Committee member,2018-01-11T00:00:00,2021-12-31T00:00:00,AAAAAOV8lEA=,50,2018-01-12T18:16:16.81
4104,29599A3B-F079-4523-A98F-D5660C500A90,7624,Andrew,Cohen,Andrew Cohen,22,Committee on State and Federal Legislation,1,Chairperson,2018-01-11T00:00:00,2021-12-31T00:00:00,AAAAAOV8lEs=,10,2018-01-12T18:18:47.927
4105,35192C30-E6B4-4596-97A2-C7B9FEC8BB51,7604,Robert E.,"Cornegy, Jr.","Robert E. Cornegy, Jr.",22,Committee on State and Federal Legislation,3,Committee member,2018-01-11T00:00:00,2021-12-31T00:00:00,AAAAAOV8lE8=,20,2018-01-12T18:19:09.397
4106,2A8F8A42-AD01-4580-A6BC-D3F0649C38C6,7630,Rafael L.,"Espinal, Jr.","Rafael L. Espinal, Jr.",22,Committee on State and Federal Legislation,3,Committee member,2018-01-11T00:00:00,2021-12-31T00:00:00,AAAAAOV8lFM=,30,2018-01-12T18:19:32.943
4107,3A79BEB4-AF81-4B34-B9EE-B02431383A2B,386,Karen,Koslowitz,Karen Koslowitz,22,Committee on State and Federal Legislation,3,Committee member,2018-01-11T00:00:00,2021-12-31T00:00:00,AAAAAOV8lFc=,40,2018-01-12T18:19:56.32
4300,18BC9A3C-11E1-4B26-A202-5354FC392471,7563,Daniel,Dromm,Daniel Dromm ,22,Committee on State and Federal Legislation,3,Committee member,2019-10-30T00:00:00,2021-12-31T00:00:00,AAAAAOXsBgM=,25,2019-10-30T18:14:03.387
4139,AD34FEAC-9BCA-4CEE-863A-8D804970A189,7568,Deborah L.,Rose,Deborah L. Rose,24,Committee on Youth Services,1,Chairperson,2018-01-11T00:00:00,2021-12-31T00:00:00,AAAAAOV8lSY=,10,2018-01-12T18:45:54.787
4141,28847801-67C9-43CA-B3F0-73825A127CF3,7562,Margaret S.,Chin,Margaret S. Chin,24,Committee on Youth Services,3,Committee member,2018-01-11T00:00:00,2021-12-31T00:00:00,AAAAAOV8lS4=,30,2018-01-12T18:46:41.37
4142,38CA2A46-CB2B-4755-844F-E26190E0BC47,7113,Mathieu,Eugene,Mathieu Eugene,24,Committee on Youth Services,3,Committee member,2018-01-11T00:00:00,2021-12-31T00:00:00,AAAAAOV8lTI=,40,2018-01-12T18:47:03.207
4280,0E31B9B4-59E1-432F-9A72-1C4BCCAC27E2,7785,Farah,Louis,Farah N. Louis,24,Committee on Youth Services,3,Committee member,2019-06-13T00:00:00,2021-12-31T00:00:00,AAAAAOXXFIo=,60,2019-06-13T18:57:12.34
4302,AB09DA2D-B801-43BB-9301-77D2FF413DDD,430,Bill,Perkins,Bill Perkins,24,Committee on Youth Services,3,Committee member,2019-10-30T00:00:00,2021-12-31T00:00:00,AAAAAOXsBq4=,75,2019-10-30T18:24:22.737
4114,57C27CE4-21D5-4BED-AFD0-B761A637F893,7541,Ydanis A.,Rodriguez,Ydanis A. Rodriguez,29,Committee on Transportation,1,Chairperson,2018-01-11T00:00:00,2021-12-31T00:00:00,AAAAAOV8lJE=,10,2018-01-12T18:26:32.51
4115,DD246A6B-1095-4A55-B750-2B366B3CA217,7561,Fernando,Cabrera,Fernando Cabrera ,29,Committee on Transportation,3,Committee member,2018-01-11T00:00:00,2021-12-31T00:00:00,AAAAAOV8lJU=,20,2018-01-12T18:26:50.65
4117,C66A9726-EFB1-48E8-AA66-1A81DAE67395,7629,Chaim M.,Deutsch,Chaim M. Deutsch,29,Committee on Transportation,3,Committee member,2018-01-11T00:00:00,2021-12-31T00:00:00,AAAAAOV8lJ0=,40,2018-01-12T18:27:36.093
4118,B4804600-0803-4909-9299-410582E01000,7744,Ruben,"Diaz, Sr.","Ruben Diaz, Sr.",29,Committee on Transportation,3,Committee member,2018-01-11T00:00:00,2021-12-31T00:00:00,AAAAAOV8lKE=,50,2018-01-12T18:28:03.483
4119,20F8DA7E-273F-460B-9687-43E8EBEC5CFB,7630,Rafael L.,"Espinal, Jr.","Rafael L. Espinal, Jr.",29,Committee on Transportation,3,Committee member,2018-01-11T00:00:00,2021-12-31T00:00:00,AAAAAOV8lKU=,60,2018-01-12T18:28:24.77
4120,08EF67E9-B295-40BB-BDCD-0ECE822875A2,7565,Peter A.,Koo,Peter A. Koo,29,Committee on Transportation,3,Committee member,2018-01-11T00:00:00,2021-12-31T00:00:00,AAAAAOV8lKk=,70,2018-01-12T18:28:46.367
4121,00A0A68A-2E6F-4403-B390-36994B6480FC,7567,Stephen T.,Levin,Stephen T. Levin,29,Committee on Transportation,3,Committee member,2018-01-11T00:00:00,2021-12-31T00:00:00,AAAAAOV8lK0=,80,2018-01-12T18:29:10.947
4122,6B29B83D-7E9D-4CE2-B20E-22A02CAA577B,7634,Mark,Levine,Mark Levine,29,Committee on Transportation,3,Committee member,2018-01-11T00:00:00,2021-12-31T00:00:00,AAAAAOV8lLE=,90,2018-01-12T18:29:34.54
4123,B8268995-5225-402C-96CA-A9C23679C40A,7636,Carlos,Menchaca,Carlos Menchaca,29,Committee on Transportation,3,Committee member,2018-01-11T00:00:00,2021-12-31T00:00:00,AAAAAOV8lLU=,100,2018-01-12T18:29:58.717
4124,22BD057F-6785-4E1E-BA24-022666EC772A,7637,I. Daneek,Miller,I. Daneek Miller,29,Committee on Transportation,3,Committee member,2018-01-11T00:00:00,2021-12-31T00:00:00,AAAAAOV8lLk=,110,2018-01-12T18:30:22.2
4125,D7FCD13F-69C6-40CC-B2DE-98E84D7B0C1A,7638,Antonio,Reynoso,Antonio Reynoso,29,Committee on Transportation,3,Committee member,2018-01-11T00:00:00,2021-12-31T00:00:00,AAAAAOV8lL0=,120,2018-01-12T18:30:49.797
4126,14BE0FD0-5E28-44E0-BC30-1A2AE777D594,7617,Donovan J.,Richards,Donovan J. Richards,29,Committee on Transportation,3,Committee member,2018-01-11T00:00:00,2021-12-31T00:00:00,AAAAAOV8lME=,130,2018-01-12T18:31:10.53
4127,6EC0E62C-7B56-427B-A316-FE147FA4F4F1,7568,Deborah L.,Rose,Deborah L. Rose,29,Committee on Transportation,3,Committee member,2018-01-11T00:00:00,2021-12-31T00:00:00,AAAAAOV8lMU=,140,2018-01-12T18:31:36.78
4301,5D223FA6-84AF-4A94-BF0F-EC0C84EE70E2,7624,Andrew,Cohen,Andrew Cohen,29,Committee on Transportation,3,Committee member,2019-10-30T00:00:00,2021-12-31T00:00:00,AAAAAOXsBmw=,30,2019-10-30T18:20:24.477
4159,0A685C63-5FE8-4C5C-90FF-BEAFFAFBD04E,7745,Francisco P.,Moya,Francisco P. Moya,34,Subcommittee on Zoning and Franchises,1,Chairperson,2018-01-11T00:00:00,2021-12-31T00:00:00,AAAAAOV8lc8=,10,2018-01-12T19:09:38.213
4161,7EEBA42D-44A7-4523-BFDA-18D14B348F5A,7691,Barry,Grodenchik,Barry S. Grodenchik,34,Subcommittee on Zoning and Franchises,3,Committee member,2018-01-11T00:00:00,2021-12-31T00:00:00,AAAAAOV8ldc=,30,2018-01-12T19:13:28.53
4162,F7D379E1-F020-4431-B80B-CB124038B011,7633,Rory I.,Lancman,Rory I. Lancman,34,Subcommittee on Zoning and Franchises,3,Committee member,2018-01-04T00:00:00,2021-12-31T00:00:00,AAAAAOV8lds=,40,2018-01-12T19:13:46.86
4163,D842BD47-DA91-4E46-8565-913E3230BD6C,7567,Stephen T.,Levin,Stephen T. Levin,34,Subcommittee on Zoning and Franchises,3,Committee member,2018-01-11T00:00:00,2021-12-31T00:00:00,AAAAAOV8ld8=,50,2018-01-12T19:14:16.367
4164,A8DF8E88-29FB-4D96-B934-3C9A456A0443,7638,Antonio,Reynoso,Antonio Reynoso,34,Subcommittee on Zoning and Franchises,3,Committee member,2018-01-11T00:00:00,2021-12-31T00:00:00,AAAAAOV8leM=,60,2018-01-12T19:14:37.087
4165,B2DE1605-C545-4FD2-8626-D63F4978462E,7617,Donovan J.,Richards,Donovan J. Richards,34,Subcommittee on Zoning and Franchises,3,Committee member,2018-01-11T00:00:00,2021-12-31T00:00:00,AAAAAOV8lec=,70,2018-01-12T19:14:57.493
4166,9F7A7B1E-1D62-455B-815C-0540F4B75531,7740,Carlina,Rivera,Carlina Rivera ,34,Subcommittee on Zoning and Franchises,3,Committee member,2018-01-11T00:00:00,2021-12-31T00:00:00,AAAAAOV8les=,80,2018-01-12T19:15:17.463
3885,5D59865A-94B9-4429-A416-875A60608A81,7569,James G.,Van Bramer,James G. Van Bramer,5105,"Committee on Cultural Affairs, Libraries and International Intergroup Relations",1,Chairperson,2018-01-11T00:00:00,2021-12-31T00:00:00,AAAAAOV8iMU=,10,2018-01-11T20:10:30.727
3886,ABC086B0-2D5E-4816-9D1A-0CEA98FB1AF0,7264,Joseph,Borelli,Joseph C. Borelli,5105,"Committee on Cultural Affairs, Libraries and International Intergroup Relations",3,Committee member,2018-01-11T00:00:00,2021-12-31T00:00:00,AAAAAOV8iOY=,20,2018-01-11T20:11:06.907
3887,48DE83C0-9C1C-4A7A-8F7F-00A2F39AA446,7628,Laurie A.,Cumbo,Laurie A. Cumbo,5105,"Committee on Cultural Affairs, Libraries and International Intergroup Relations",3,Committee member,2018-01-11T00:00:00,2021-12-31T00:00:00,AAAAAOV8iO4=,30,2018-01-11T20:11:34.77
3889,82117A23-FD66-41F5-908A-F00D1FD8987F,7745,Francisco P.,Moya,Francisco P. Moya,5105,"Committee on Cultural Affairs, Libraries and International Intergroup Relations",3,Committee member,2018-01-11T00:00:00,2021-12-31T00:00:00,AAAAAOV8iRI=,50,2018-01-11T20:12:31.317
4294,85ECE75D-E0BD-42BC-A8B0-3A6914DD3B3B,7743,Mark,Gjonaj,Mark Gjonaj ,5105,"Committee on Cultural Affairs, Libraries and International Intergroup Relations",3,Committee member,2019-10-30T00:00:00,2021-12-31T00:00:00,AAAAAOXsA9Q=,45,2019-10-30T17:17:55.887
4052,07466DA2-0E44-4BA7-BBE5-46609EA19A53,7264,Joseph,Borelli,Joseph C. Borelli,5106,Committee on Parks and Recreation,3,Committee member,2018-01-11T00:00:00,2021-12-31T00:00:00,AAAAAOV8kvc=,20,2018-01-12T17:29:42.64
4053,37595919-2EF4-473C-A5C9-AD9EDEC853AA,7748,Justin L.,Brannan,Justin L. Brannan,5106,Committee on Parks and Recreation,3,Committee member,2018-01-11T00:00:00,2021-12-31T00:00:00,AAAAAOV8kvs=,30,2018-01-12T17:30:09.687
4054,54164E4A-E275-4405-95AE-594DED668211,7624,Andrew,Cohen,Andrew Cohen,5106,Committee on Parks and Recreation,3,Committee member,2018-01-11T00:00:00,2021-12-31T00:00:00,AAAAAOV8kwE=,40,2018-01-12T17:30:34.733
4056,64FB9FA2-778E-4219-8C42-E474486F8BC7,7743,Mark,Gjonaj,Mark Gjonaj ,5106,Committee on Parks and Recreation,3,Committee member,2018-01-11T00:00:00,2021-12-31T00:00:00,AAAAAOV8kwk=,60,2018-01-12T17:31:22.72
4059,4ECCC2D3-89C1-4076-A4F9-CC6FE169817D,7745,Francisco P.,Moya,Francisco P. Moya,5106,Committee on Parks and Recreation,3,Committee member,2018-01-11T00:00:00,2021-12-31T00:00:00,AAAAAOV8kxU=,90,2018-01-12T17:32:31.297
4060,6EB0A98C-323D-4D0E-B175-CF3A9BEA7E94,7510,Eric A.,Ulrich,Eric A. Ulrich,5106,Committee on Parks and Recreation,3,Committee member,2018-01-11T00:00:00,2021-12-31T00:00:00,AAAAAOV8kxk=,100,2018-01-12T17:32:53.437
4061,66607CF0-2B51-4B8F-A758-B4B2A4FDEDE6,7569,James G.,Van Bramer,James G. Van Bramer,5106,Committee on Parks and Recreation,3,Committee member,2018-01-11T00:00:00,2021-12-31T00:00:00,AAAAAOV8kx0=,110,2018-01-12T17:33:17.017
4270,6C15F800-23D3-4299-AAF1-F1D99DDCBF3E,7565,Peter A.,Koo,Peter A. Koo,5106,Committee on Parks and Recreation,1,Chairperson,2019-06-13T00:00:00,2021-12-31T00:00:00,AAAAAOXXE8c=,1,2019-06-13T18:33:34.59
4271,E58C7D26-68F7-4F79-93CB-CD4E0EAB9F7D,7739,Adrienne,Adams,Adrienne E. Adams,5106,Committee on Parks and Recreation,3,Committee member,2019-06-13T00:00:00,2021-12-31T00:00:00,AAAAAOXXE8g=,10,2019-06-13T18:34:45.813
4272,3D417319-C9DE-42E2-BAD7-310D009F9F2B,7740,Carlina,Rivera,Carlina Rivera ,5106,Committee on Parks and Recreation,3,Committee member,2019-06-13T00:00:00,2021-12-31T00:00:00,AAAAAOXXE84=,95,2019-06-13T18:36:03.76
4298,09F9CC59-8C5B-449D-8BFF-C450B69BB680,7634,Mark,Levine,Mark Levine,5106,Committee on Parks and Recreation,3,Committee member,2019-10-30T00:00:00,2021-12-31T00:00:00,AAAAAOXsBTc=,80,2019-10-30T18:01:56.6
4044,E944C09E-6E01-4213-AE68-54EA7D07E0A0,7640,Ritchie J.,Torres,Ritchie J. Torres,5107,Committee on Oversight and Investigations,3,Chairperson,2018-01-11T00:00:00,2021-12-31T00:00:00,AAAAAOV8ktA=,10,2018-01-12T17:21:05.073
4045,6BDA7883-7628-4C93-B18D-F5321B23A3B9,7632,Ben,Kallos,Ben Kallos,5107,Committee on Oversight and Investigations,3,Committee member,2018-01-11T00:00:00,2021-12-31T00:00:00,AAAAAOV8ktQ=,20,2018-01-12T17:21:24.077
4046,7AB6C278-FD2C-4A6B-87F8-90C0D47C51E9,7633,Rory I.,Lancman,Rory I. Lancman,5107,Committee on Oversight and Investigations,3,Committee member,2018-01-11T00:00:00,2021-12-31T00:00:00,AAAAAOV8ktg=,30,2018-01-12T17:21:45.47
4047,856F7188-BC13-4833-ADD6-FDACA28CCDE7,7741,Keith,Powers,Keith Powers ,5107,Committee on Oversight and Investigations,3,Committee member,2018-01-11T00:00:00,2021-12-31T00:00:00,AAAAAOV8ktw=,40,2018-01-12T17:22:06.69
4048,21F10C66-16F1-4118-83A0-993ED4311D8B,7714,Rafael,"Salamanca, Jr.","Rafael Salamanca, Jr.",5107,Committee on Oversight and Investigations,3,Committee member,2018-01-11T00:00:00,2021-12-31T00:00:00,AAAAAOV8kuA=,50,2018-01-12T17:22:29.8
4049,38246B10-02D0-4A56-8DFB-295B968F9B0D,7641,Mark,Treyger,Mark Treyger,5107,Committee on Oversight and Investigations,3,Committee member,2018-01-11T00:00:00,2021-12-31T00:00:00,AAAAAOV8kuQ=,60,2018-01-12T17:22:56.13
4050,E135F41E-81E5-4DBE-A02D-69CFAEF4EA75,7749,Kalman,Yeger,Kalman Yeger ,5107,Committee on Oversight and Investigations,3,Committee member,2018-01-11T00:00:00,2021-12-31T00:00:00,AAAAAOV8kug=,70,2018-01-12T17:23:21.397
4242,0212D6E7-CCB0-49F8-8E58-AC62A3C8E390,7742,Diana,Ayala,Diana Ayala ,5107,Committee on Oversight and Investigations,3,Committee member,2019-04-10T00:00:00,2021-12-31T00:00:00,AAAAAOXMtgI=,15,2019-04-10T14:20:34.673
4243,28259B2E-0978-4407-9AA2-061EF2941D61,7740,Carlina,Rivera,Carlina Rivera ,5107,Committee on Oversight and Investigations,3,Committee member,2019-04-10T00:00:00,2021-12-31T00:00:00,AAAAAOXMtlg=,45,2019-04-10T14:21:05.507
4089,F53336EF-4674-406E-8B3F-43A88CA40C94,7638,Antonio,Reynoso,Antonio Reynoso,5108,Committee on Sanitation and Solid Waste Management,3,Chairperson,2018-01-11T00:00:00,2021-12-31T00:00:00,AAAAAOV8k/M=,10,2018-01-12T18:06:33.47
4090,CA559191-ABC0-42F9-85BB-99F0FDBA62CE,7561,Fernando,Cabrera,Fernando Cabrera ,5108,Committee on Sanitation and Solid Waste Management,3,Committee member,2018-01-11T00:00:00,2021-12-31T00:00:00,AAAAAOV8k/c=,20,2018-01-12T18:06:59.3
4091,128A0F2F-CAE4-42EE-A2C9-BC7A5E517D13,7629,Chaim M.,Deutsch,Chaim M. Deutsch,5108,Committee on Sanitation and Solid Waste Management,3,Committee member,2018-01-11T00:00:00,2021-12-31T00:00:00,AAAAAOV8k/s=,30,2018-01-12T18:07:25.85
4092,8A5B2FF4-4736-4925-B483-91D13E422DC1,7630,Rafael L.,"Espinal, Jr.","Rafael L. Espinal, Jr.",5108,Committee on Sanitation and Solid Waste Management,3,Committee member,2018-01-11T00:00:00,2021-12-31T00:00:00,AAAAAOV8k/8=,40,2018-01-12T18:07:47.15
4093,ACC19EBA-6E81-48E0-BE67-E2F5685AC162,7642,Paul A.,Vallone,Paul A. Vallone,5108,Committee on Sanitation and Solid Waste Management,3,Committee member,2018-01-11T00:00:00,2021-12-31T00:00:00,AAAAAOV8lAM=,50,2018-01-12T18:08:08.747
4247,F86EF9BD-61E4-414A-9C47-0586ABD5117C,7562,Margaret S.,Chin,Margaret S. Chin,5108,Committee on Sanitation and Solid Waste Management,3,Committee member,2019-04-10T00:00:00,2021-12-31T00:00:00,AAAAAOXMt10=,25,2019-04-10T14:32:11.237
4248,D3EE2AA5-F1FE-4264-AAC0-64EED0B955E6,7627,Costa G.,Constantinides,Costa G. Constantinides,5108,Committee on Sanitation and Solid Waste Management,3,Committee member,2019-04-10T00:00:00,2021-12-31T00:00:00,AAAAAOXMt2E=,27,2019-04-10T14:32:38.27
4273,35F98B7F-F0A8-4FA9-A552-3E5F2F44B584,7748,Justin L.,Brannan,Justin L. Brannan,5108,Committee on Sanitation and Solid Waste Management,3,Committee member,2019-06-13T00:00:00,2021-12-31T00:00:00,AAAAAOXXFEM=,15,2019-06-13T18:44:25.23
4274,45B581E7-890F-43CF-8861-4651E40EBD84,7624,Andrew,Cohen,Andrew Cohen,5108,Committee on Sanitation and Solid Waste Management,3,Council member,2019-06-13T00:00:00,2021-12-31T00:00:00,AAAAAOXXFEc=,26,2019-06-13T18:45:09.28
4000,5DB44282-B2DE-4E0C-8547-460594F26891,7636,Carlos,Menchaca,Carlos Menchaca,5119,Committee on Immigration,1,Chairperson,2018-01-11T00:00:00,2021-12-31T00:00:00,AAAAAOV8kd0=,10,2018-01-12T16:22:41.467
4001,96FCAAD9-7D80-4643-A342-D5B7CB838B7D,7563,Daniel,Dromm,Daniel Dromm ,5119,Committee on Immigration,3,Committee member,2018-01-11T00:00:00,2021-12-31T00:00:00,AAAAAOV8keE=,20,2018-01-12T16:23:07.55
4002,77121C47-5551-4C64-8BF2-86317D71F166,7113,Mathieu,Eugene,Mathieu Eugene,5119,Committee on Immigration,3,Committee member,2018-01-11T00:00:00,2021-12-31T00:00:00,AAAAAOV8keU=,30,2018-01-12T16:23:28.867
4229,B903BA3A-ADB2-42BF-9BD2-434E8D93982C,7562,Margaret S.,Chin,Margaret S. Chin,5119,Committee on Immigration,3,Committee member,2019-04-10T00:00:00,2021-12-31T00:00:00,AAAAAOXMi2o=,15,2019-04-09T17:38:19.897
4230,ECFE9EDE-4882-4069-84CD-944C9A5AE96D,7745,Francisco P.,Moya,Francisco P. Moya,5119,Committee on Immigration,3,Committee member,2019-04-10T00:00:00,2021-12-31T00:00:00,AAAAAOXMi24=,65,2019-04-09T17:38:51.76
4094,2CAC4A3F-5D40-4E2C-9CDF-1740E9E8C594,7743,Mark,Gjonaj,Mark Gjonaj ,5120,Committee on Small Business,1,Chairperson,2018-01-11T00:00:00,2021-12-31T00:00:00,AAAAAOV8lBU=,10,2018-01-12T18:10:50.597
4096,02603511-8C84-4CEB-ACC7-9B0B9A8C4AB0,7567,Stephen T.,Levin,Stephen T. Levin,5120,Committee on Small Business,3,Committee member,2018-01-11T00:00:00,2021-12-31T00:00:00,AAAAAOV8lB0=,30,2018-01-12T18:11:32.493
4097,B487CDC0-6B1F-4CAE-8396-3DCDD3C336B3,430,Bill,Perkins,Bill Perkins,5120,Committee on Small Business,3,Committee member,2018-01-11T00:00:00,2021-12-31T00:00:00,AAAAAOV8lCE=,40,2018-01-12T18:11:54.133
4250,A787779C-CB0B-43B3-8181-E06B34B6B1F0,7639,Helen K.,Rosenthal,Helen K. Rosenthal,5120,Committee on Small Business,3,Committee member,2019-04-10T00:00:00,2021-12-31T00:00:00,AAAAAOXMt3M=,60,2019-04-10T14:36:05.15
4299,E5E39E47-D19C-4917-9EEC-C3E7517717C9,7541,Ydanis A.,Rodriguez,Ydanis A. Rodriguez,5120,Committee on Small Business,3,Committee member,2019-10-30T00:00:00,2021-12-31T00:00:00,AAAAAOXsBb8=,50,2019-10-30T18:10:15.393
4129,51F85EDC-BB6E-4640-86EB-6188991DFF9C,7629,Chaim M.,Deutsch,Chaim M. Deutsch,5122,Committee on Veterans,1,Chairperson,2018-01-11T00:00:00,2021-12-31T00:00:00,AAAAAOV8lNs=,10,2018-01-12T18:35:32.587
4131,045D71ED-F402-47FB-9C78-6123838F3A89,7113,Mathieu,Eugene,Mathieu Eugene,5122,Committee on Veterans,3,Committee member,2018-01-11T00:00:00,2021-12-31T00:00:00,AAAAAOV8lOM=,30,2018-01-12T18:36:13.463
4132,6093814E-341E-48CF-B1B1-CBC614645FFC,7635,Alan N.,Maisel,Alan N. Maisel,5122,Committee on Veterans,3,Committee member,2018-01-11T00:00:00,2021-12-31T00:00:00,AAAAAOV8lOc=,40,2018-01-12T18:36:36.11
4133,A81C14AB-9E4C-4DB2-86ED-024B4E4ACC1C,7642,Paul A.,Vallone,Paul A. Vallone,5122,Committee on Veterans,3,Committee member,2018-01-11T00:00:00,2021-12-31T00:00:00,AAAAAOV8lOs=,50,2018-01-12T18:36:55.92
4251,A015A288-BF7A-4D74-A3C5-652F23600AE8,7747,Alicka,Ampry-Samuel,Alicka Ampry-Samuel ,5122,Committee on Veterans,3,Committee member,2019-04-10T00:00:00,2021-12-31T00:00:00,AAAAAOXMt4k=,15,2019-04-10T14:41:06.177
4062,196614CB-A1CE-4B89-8580-46F5243A7666,7747,Alicka,Ampry-Samuel,Alicka Ampry-Samuel ,5212,Committee on Public Housing,1,Chairperson,2018-01-11T00:00:00,2021-12-31T00:00:00,AAAAAOV8kzY=,10,2018-01-12T17:36:50.38
4063,E5A6BDBB-4068-4CC7-BA2A-29B986ADB376,7742,Diana,Ayala,Diana Ayala ,5212,Committee on Public Housing,3,Committee member,2018-01-11T00:00:00,2021-12-31T00:00:00,AAAAAOV8kzo=,20,2018-01-12T17:37:13.523
4064,6B31FD3C-4161-4830-B3AE-344BADDCD82F,7628,Laurie A.,Cumbo,Laurie A. Cumbo,5212,Committee on Public Housing,3,Committee member,2018-01-11T00:00:00,2021-12-31T00:00:00,AAAAAOV8kz4=,30,2018-01-12T17:38:12.937
4065,71576F71-DEB9-4AEE-AED0-1A666E691B33,7744,Ruben,"Diaz, Sr.","Ruben Diaz, Sr.",5212,Committee on Public Housing,3,Committee member,2018-01-11T00:00:00,2021-12-31T00:00:00,AAAAAOV8k0I=,40,2018-01-12T17:38:42.593
4066,D09B3DBC-4C6F-484D-A001-7B27070FE59A,7743,Mark,Gjonaj,Mark Gjonaj ,5212,Committee on Public Housing,3,Committee member,2018-01-11T00:00:00,2021-12-31T00:00:00,AAAAAOV8k0Y=,50,2018-01-12T17:39:05.843
4067,B43BDCA3-60E7-474B-8BF2-43729840B99F,7636,Carlos,Menchaca,Carlos Menchaca,5212,Committee on Public Housing,3,Committee member,2018-01-11T00:00:00,2021-12-31T00:00:00,AAAAAOV8k0o=,60,2018-01-12T17:39:27.703
4068,CC7A0193-4641-4772-9811-3428D6B66B6E,7617,Donovan J.,Richards,Donovan J. Richards,5212,Committee on Public Housing,3,Committee member,2018-01-11T00:00:00,2021-12-31T00:00:00,AAAAAOV8k04=,70,2018-01-12T17:39:49.55
4069,3598C278-4C22-4D87-8F18-DB839C8F9A8C,7714,Rafael,"Salamanca, Jr.","Rafael Salamanca, Jr.",5212,Committee on Public Housing,3,Committee member,2018-01-11T00:00:00,2021-12-31T00:00:00,AAAAAOV8k1I=,80,2018-01-12T17:40:16.52
4070,32A939A1-F84F-47B8-AE80-F2A1C584142E,7640,Ritchie J.,Torres,Ritchie J. Torres,5212,Committee on Public Housing,3,Committee member,2018-01-11T00:00:00,2021-12-31T00:00:00,AAAAAOV8k1Y=,90,2018-01-12T17:40:37.19
4071,7D3583D5-2AF9-45A1-BA86-E46E8B910BC7,7641,Mark,Treyger,Mark Treyger,5212,Committee on Public Housing,3,Committee member,2018-01-11T00:00:00,2021-12-31T00:00:00,AAAAAOV8k1o=,100,2018-01-12T17:41:01.997
4072,F76A8312-CFA0-4E96-B6A5-A9B46E243A1F,7569,James G.,Van Bramer,James G. Van Bramer,5212,Committee on Public Housing,3,Committee member,2018-01-11T00:00:00,2021-12-31T00:00:00,AAAAAOV8k14=,110,2018-01-12T17:41:28.357
4244,A576D375-1E27-4B0F-9CBE-3076EC4268BA,7622,Vanessa L.,Gibson,Vanessa L. Gibson,5212,Committee on Public Housing,3,Committee member,2019-04-10T00:00:00,2021-12-31T00:00:00,AAAAAOXMtzs=,45,2019-04-10T14:24:48.67
4111,00E846C6-9F91-49CB-A4D4-8CB77B94789F,7566,Brad S.,Lander,Brad S. Lander,5213,Committee on Technology,3,Committee member,2018-01-11T00:00:00,2021-12-31T00:00:00,AAAAAOV8lHc=,30,2018-01-12T18:23:26.27
4112,1011788F-79E4-4DD0-8C1E-ECB01C082541,7510,Eric A.,Ulrich,Eric A. Ulrich,5213,Committee on Technology,3,Committee member,2018-01-11T00:00:00,2021-12-31T00:00:00,AAAAAOV8lHs=,40,2018-01-12T18:23:45.223
4113,8B0E8FEA-1C7E-4252-8FE6-52A83BC54052,7749,Kalman,Yeger,Kalman Yeger ,5213,Committee on Technology,3,Committee member,2018-01-11T00:00:00,2021-12-31T00:00:00,AAAAAOV8lH8=,50,2018-01-12T18:24:08.407
4277,E483EADC-BD5F-4793-BC39-9DACE6DF5EBE,7746,Robert F.,Holden,Robert F. Holden,5213,Committee on Technology,1,Chairperson,2019-06-13T00:00:00,2021-12-31T00:00:00,AAAAAOXXFKI=,1,2019-06-13T18:52:47.093
4278,2251A8EF-2631-4C8D-90A8-4DD808CD9580,7742,Diana,Ayala,Diana Ayala ,5213,Committee on Technology,3,Committee member,2019-06-13T00:00:00,2021-12-31T00:00:00,AAAAAOXXFHg=,5,2019-06-13T18:53:14.923
4279,C03ECD3F-7C1E-4A71-8121-A1B64602D032,7627,Costa G.,Constantinides,Costa G. Constantinides,5213,Committee on Technology,3,Committee member,2019-06-13T00:00:00,2021-12-31T00:00:00,AAAAAOXXFHw=,7,2019-06-13T18:53:51.943
4291,A1563C00-8B53-4CBC-B452-31150EE4DA4F,7565,Peter A.,Koo,Peter A. Koo,5213,Committee on Technology,3,Committee member,2019-06-13T00:00:00,2021-12-31T00:00:00,AAAAAOXo1HU=,15,2019-10-07T18:17:14.343
3856,9D734E94-5798-47E4-AAA0-B76E7E1E6B74,7113,Mathieu,Eugene,Mathieu Eugene,5235,Committee on Civil and Human Rights,1,Chairperson,2018-01-11T00:00:00,2021-12-31T00:00:00,AAAAAOV8hW4=,10,2018-01-11T15:45:52.113
3857,486A05F1-2C50-4BBC-8858-45FD54834E1C,7563,Daniel,Dromm,Daniel Dromm ,5235,Committee on Civil and Human Rights,3,Committee member,2018-01-11T00:00:00,2021-12-31T00:00:00,AAAAAOV8hW8=,20,2018-01-11T15:46:18.743
3859,7160CE95-2C8C-4506-829C-87D78A4247C0,7566,Brad S.,Lander,Brad S. Lander,5235,Committee on Civil and Human Rights,3,Committee member,2018-01-11T00:00:00,2021-12-31T00:00:00,AAAAAOV8hXE=,40,2018-01-11T15:57:42.39
3860,3C23424E-C15E-483E-845C-4D35DF448982,430,Bill,Perkins,Bill Perkins,5235,Committee on Civil and Human Rights,3,Committee member,2018-01-11T00:00:00,2021-12-31T00:00:00,AAAAAOV8hXI=,50,2018-01-11T15:58:07.237
4293,47639A6F-6575-4335-AFF2-15BAD6A7B09A,7623,Inez D.,Barron,Inez D. Barron,5235,Committee on Civil and Human Rights,3,Committee member,2019-10-30T00:00:00,2021-12-31T00:00:00,AAAAAOXsA2I=,15,2019-10-30T17:08:34.813
3870,C6596977-59EB-4DF8-83B2-8BBEAFE03CE6,7630,Rafael L.,"Espinal, Jr.","Rafael L. Espinal, Jr.",5236,Committee on Consumer Affairs and Business Licensing,1,Chairperson,2018-01-11T00:00:00,2021-12-31T00:00:00,AAAAAOV8hYs=,10,2018-01-11T19:31:58.33
3871,F72D5082-E655-4CE9-BA63-0948E36F52C0,7562,Margaret S.,Chin,Margaret S. Chin,5236,Committee on Consumer Affairs and Business Licensing,3,Committee member,2018-01-11T00:00:00,2021-12-31T00:00:00,AAAAAOV8hY8=,20,2018-01-11T19:32:29.533
3872,B80778A7-36D9-4E97-ADE3-8B0617466CD2,7565,Peter A.,Koo,Peter A. Koo,5236,Committee on Consumer Affairs and Business Licensing,3,Committee member,2018-01-11T00:00:00,2021-12-31T00:00:00,AAAAAOV8hZM=,30,2018-01-11T19:33:37.223
3873,CEB9BB53-04A9-486C-82CA-7918C98F2F69,386,Karen,Koslowitz,Karen Koslowitz,5236,Committee on Consumer Affairs and Business Licensing,3,Committee member,2018-01-11T00:00:00,2021-12-31T00:00:00,AAAAAOV8hZc=,40,2018-01-11T19:34:01.96
3874,190095F8-11D5-486E-A4DC-7CDF19508B3D,7566,Brad S.,Lander,Brad S. Lander,5236,Committee on Consumer Affairs and Business Licensing,3,Committee member,2018-01-11T00:00:00,2021-12-31T00:00:00,AAAAAOV8hZs=,50,2018-01-11T19:36:50.663
4233,B69D0F08-1D31-4015-85C3-EB3E6CB0DFF4,7748,Justin L.,Brannan,Justin L. Brannan,5236,Committee on Consumer Affairs and Business Licensing,3,Committee member,2019-04-10T00:00:00,2021-12-31T00:00:00,AAAAAOXMjVI=,15,2019-04-09T17:55:50.857
4234,9BBE5A54-ED2B-41CB-8400-6017E6B1BE6C,7741,Keith,Powers,Keith Powers ,5236,Committee on Consumer Affairs and Business Licensing,3,Committee member,2019-04-10T00:00:00,2021-12-31T00:00:00,AAAAAOXMjVY=,60,2019-04-09T17:56:17.767
3880,B5F8019D-BFBC-42CB-80AB-0B2EA7931195,7741,Keith,Powers,Keith Powers ,5237,Committee on Criminal Justice,1,Chairperson,2018-01-11T00:00:00,2021-12-31T00:00:00,AAAAAOV8hiQ=,10,2018-01-11T20:01:29.53
3881,23A5F27B-0F9E-421B-A6D5-F2EAFC976196,7747,Alicka,Ampry-Samuel,Alicka Ampry-Samuel ,5237,Committee on Criminal Justice,3,Committee member,2018-01-11T00:00:00,2021-12-31T00:00:00,AAAAAOV8hig=,20,2018-01-11T20:02:34.94
3882,19BC013B-1406-47C6-9D04-AAFAA0779030,7746,Robert F.,Holden,Robert F. Holden,5237,Committee on Criminal Justice,3,Committee member,2018-01-11T00:00:00,2021-12-31T00:00:00,AAAAAOV8hjA=,30,2018-01-11T20:03:27.68
3883,476D4D08-ED57-44AF-9816-E97E6F8E62EF,7633,Rory I.,Lancman,Rory I. Lancman,5237,Committee on Criminal Justice,3,Committee member,2018-01-11T00:00:00,2021-12-31T00:00:00,AAAAAOV8hjI=,40,2018-01-11T20:03:57.437
3884,6BE26E1A-474B-4C1F-9E62-5797C845E342,7740,Carlina,Rivera,Carlina Rivera ,5237,Committee on Criminal Justice,3,Committee member,2018-01-11T00:00:00,2021-12-31T00:00:00,AAAAAOV8hjY=,50,2018-01-11T20:04:37.957
3942,6E715467-2F52-4268-A875-5D905A909B8D,7264,Joseph,Borelli,Joseph C. Borelli,5239,Committee on Fire and Emergency Management,1,Chairperson,2018-01-11T00:00:00,2021-12-31T00:00:00,AAAAAOV8ioc=,10,2018-01-11T21:08:49.117
3944,6A6D249B-3AC1-478D-B87F-6AB23631516B,7748,Justin L.,Brannan,Justin L. Brannan,5239,Committee on Fire and Emergency Management,3,Committee member,2018-01-11T00:00:00,2021-12-31T00:00:00,AAAAAOV8io8=,30,2018-01-11T21:09:39.087
3945,8ED5DD2E-8B7A-4FCD-93E2-E249D82A9C5F,7561,Fernando,Cabrera,Fernando Cabrera ,5239,Committee on Fire and Emergency Management,3,Committee member,2018-01-11T00:00:00,2021-12-31T00:00:00,AAAAAOV8ipM=,40,2018-01-11T21:10:09.743
3946,4B70BF27-B8BD-4BE7-B19B-71AB38F4F401,7635,Alan N.,Maisel,Alan N. Maisel,5239,Committee on Fire and Emergency Management,3,Committee member,2018-01-11T00:00:00,2021-12-31T00:00:00,AAAAAOV8ipc=,50,2018-01-11T21:10:42.993
4239,096B48AA-9990-473A-8673-EB66F40C8F9B,7629,Chaim M.,Deutsch,Chaim M. Deutsch,5239,Committee on Fire and Emergency Management,3,Committee member,2019-04-10T00:00:00,2021-12-31T00:00:00,AAAAAOXMjqk=,45,2019-04-09T18:20:59.703
3977,C7084E61-8ABB-4564-A395-788AC30360AC,7740,Carlina,Rivera,Carlina Rivera ,5241,Committee on Hospitals,1,Chairperson,2018-01-11T00:00:00,2021-12-31T00:00:00,AAAAAOV8jAc=,10,2018-01-11T21:47:14.187
3978,A0BA4D10-6190-41A6-9086-8C092A016AE4,7742,Diana,Ayala,Diana Ayala ,5241,Committee on Hospitals,3,Committee member,2018-01-11T00:00:00,2021-12-31T00:00:00,AAAAAOV8jCc=,20,2018-01-11T21:47:37.093
3984,2052EE5C-189C-49A4-B6BA-78857E26F0B2,7113,Mathieu,Eugene,Mathieu Eugene,5241,Committee on Hospitals,3,Committee member,2018-01-11T00:00:00,2021-12-31T00:00:00,AAAAAOV8kY8=,30,2018-01-12T16:06:44.487
3985,D3DBCA3E-16FB-463E-B93F-DCBA9D6E31FB,7634,Mark,Levine,Mark Levine,5241,Committee on Hospitals,3,Committee member,2018-01-11T00:00:00,2021-12-31T00:00:00,AAAAAOV8kZM=,40,2018-01-12T16:07:10.01
3986,4F05BBAD-E154-456C-9239-69F6AED8B13D,7635,Alan N.,Maisel,Alan N. Maisel,5241,Committee on Hospitals,3,Committee member,2018-01-11T00:00:00,2021-12-31T00:00:00,AAAAAOV8kZc=,50,2018-01-12T16:08:13.513
3987,F3B6F2A6-1ED9-4963-8445-1982AC6B24AA,7745,Francisco P.,Moya,Francisco P. Moya,5241,Committee on Hospitals,3,Committee member,2018-01-11T00:00:00,2021-12-31T00:00:00,AAAAAOV8kZs=,60,2018-01-12T16:09:23.64
3988,FFA427FB-2005-44F4-804D-3E7AACD4656A,7638,Antonio,Reynoso,Antonio Reynoso,5241,Committee on Hospitals,3,Committee member,2018-01-11T00:00:00,2021-12-31T00:00:00,AAAAAOV8kZ8=,70,2018-01-12T16:10:28.363
4007,99DAC664-076D-40D8-8B54-5C02EB3F7D29,7633,Rory I.,Lancman,Rory I. Lancman,5242,Committee on Justice System,3,Chairperson,2018-01-11T00:00:00,2021-12-31T00:00:00,AAAAAOV8kgo=,10,2018-01-12T16:30:29.537
4008,8AAA8F83-3BD0-4E95-9C46-23B5D6148BD1,7624,Andrew,Cohen,Andrew Cohen,5242,Committee on Justice System,3,Committee member,2018-01-11T00:00:00,2021-12-31T00:00:00,AAAAAOV8kg4=,20,2018-01-12T16:30:58.1
4009,368882F2-9A6B-4C35-97B6-C11354B967F6,7635,Alan N.,Maisel,Alan N. Maisel,5242,Committee on Justice System,3,Committee member,2018-01-11T00:00:00,2021-12-31T00:00:00,AAAAAOXXE6s=,39,2018-01-12T16:31:24.957
4010,D13BDA3B-31F5-453A-A6C7-6EB7875DB533,7568,Deborah L.,Rose,Deborah L. Rose,5242,Committee on Justice System,3,Committee member,2018-01-11T00:00:00,2021-12-31T00:00:00,AAAAAOV8khY=,40,2018-01-12T16:31:48.257
4267,B5264E2D-C2C5-49FF-A357-E1535B499889,7628,Laurie A.,Cumbo,Laurie A. Cumbo,5242,Committee on Justice System,3,Committee member,2019-06-13T00:00:00,2021-12-31T00:00:00,AAAAAOXXE6M=,23,2019-06-13T18:22:40.787
4268,CD0FC32E-9AA5-4638-A401-12ADEE85876F,7785,Farah,Louis,Farah N. Louis,5242,Committee on Justice System,3,Committee member,2019-06-13T00:00:00,2021-12-31T00:00:00,AAAAAOXXE6c=,37,2019-06-13T18:23:19.697
4269,24631BE6-8EA4-4A13-BA5D-35A6342E5678,7640,Ritchie J.,Torres,Ritchie J. Torres,5242,Committee on Justice System,3,Committee member,2019-06-13T00:00:00,2021-12-31T00:00:00,AAAAAOXXE60=,45,2019-06-13T18:24:14.267
4039,E153DF0A-A9A2-4BAE-87AC-8784610D3DBA,7742,Diana,Ayala,Diana Ayala ,5243,"Committee on Mental Health, Disabilities and Addiction",3,Chairperson,2018-01-11T00:00:00,2021-12-31T00:00:00,AAAAAOV8krM=,10,2018-01-12T17:17:21.083
4040,AC5A38A8-4625-40BB-A0D6-221495D8B936,7747,Alicka,Ampry-Samuel,Alicka Ampry-Samuel ,5243,"Committee on Mental Health, Disabilities and Addiction",3,Committee member,2018-01-11T00:00:00,2021-12-31T00:00:00,AAAAAOV8krc=,20,2018-01-12T17:17:41.24
4041,D43F84EA-E3B5-457A-97C3-46140C899750,7561,Fernando,Cabrera,Fernando Cabrera ,5243,"Committee on Mental Health, Disabilities and Addiction",3,Committee member,2018-01-11T00:00:00,2021-12-31T00:00:00,AAAAAOV8krs=,30,2018-01-12T17:18:01.23
4042,749E8D93-D0FD-4933-B92B-BDB0F68EF465,7746,Robert F.,Holden,Robert F. Holden,5243,"Committee on Mental Health, Disabilities and Addiction",3,Committee member,2018-01-11T00:00:00,2021-12-31T00:00:00,AAAAAOV8kr8=,40,2018-01-12T17:18:29.3
4043,FBFD0FBA-17E6-48EA-AEDF-8325E7928156,7569,James G.,Van Bramer,James G. Van Bramer,5243,"Committee on Mental Health, Disabilities and Addiction",3,Committee member,2018-01-11T00:00:00,2021-12-31T00:00:00,AAAAAOV8ksM=,50,2018-01-12T17:18:51.52
4134,A138BC1B-2961-4C0D-809F-20AF83DBF43F,7639,Helen K.,Rosenthal,Helen K. Rosenthal,5244,Committee on Women and Gender Equity,1,Chairperson,2018-01-11T00:00:00,2021-12-31T00:00:00,AAAAAOV8lQY=,10,2018-01-12T18:41:15.44
4135,CF9AEB3F-9A7C-48F8-B3E6-36A0432CD218,7742,Diana,Ayala,Diana Ayala ,5244,Committee on Women and Gender Equity,3,Committee member,2018-01-11T00:00:00,2021-12-31T00:00:00,AAAAAOV8lQg=,20,2018-01-12T18:41:46.66
4136,F5EF10DC-6249-44A4-BF14-CECDCA59D173,7628,Laurie A.,Cumbo,Laurie A. Cumbo,5244,Committee on Women and Gender Equity,3,Committee member,2018-01-11T00:00:00,2021-12-31T00:00:00,AAAAAOV8lQw=,30,2018-01-12T18:42:09.223
4137,7A714EF1-F92D-4500-A2F7-D6685028FC1E,7632,Ben,Kallos,Ben Kallos,5244,Committee on Women and Gender Equity,3,Committee member,2018-01-11T00:00:00,2021-12-31T00:00:00,AAAAAOV8lRA=,40,2018-01-12T18:42:29.91
4138,B02419A0-7F0C-400B-89FF-9F51ED924AFE,7566,Brad S.,Lander,Brad S. Lander,5244,Committee on Women and Gender Equity,3,Committee member,2018-01-11T00:00:00,2021-12-31T00:00:00,AAAAAOV8lRQ=,50,2018-01-12T18:42:53.117
4144,30129927-AE49-40D2-94C5-FCB43A5FC0D4,7622,Vanessa L.,Gibson,Vanessa L. Gibson,5245,Subcommittee on Capital Budget,1,Chairperson,2018-01-11T00:00:00,2021-12-31T00:00:00,AAAAAOV8lWo=,10,2018-01-12T18:56:07.67
4145,284C145D-9292-4FC6-A3DB-3E289C9AEF40,7691,Barry,Grodenchik,Barry S. Grodenchik,5245,Subcommittee on Capital Budget,3,Committee member,2018-01-11T00:00:00,2021-12-31T00:00:00,AAAAAOV8lW4=,20,2018-01-12T18:56:38.89
4146,44F2F975-CD10-453A-BD0E-83B75DBE670F,5953,Steven,Matteo,Steven Matteo,5245,Subcommittee on Capital Budget,3,Committee member,2018-01-11T00:00:00,2021-12-31T00:00:00,AAAAAOV8lXI=,30,2018-01-12T18:57:09.593
4148,B45A3E0A-8239-4040-B0DF-81E4638A41C5,7639,Helen K.,Rosenthal,Helen K. Rosenthal,5245,Subcommittee on Capital Budget,3,Committee member,2018-01-11T00:00:00,2021-12-31T00:00:00,AAAAAOV8lXo=,50,2018-01-12T18:57:56.71
4252,8A8991D7-FC17-43EA-8F00-F8AE01AE64DA,7743,Mark,Gjonaj,Mark Gjonaj ,5245,Subcommittee on Capital Budget,3,Committee member,2019-04-10T00:00:00,2021-12-31T00:00:00,AAAAAOXMt7c=,15,2019-04-10T14:47:46.033
4253,833B8B62-9021-4857-9AD7-0C4AD2BE48C5,7748,Justin L.,Brannan,Justin L. Brannan,5258,Committee on Resiliency and Waterfronts,1,Chairperson,2019-04-09T00:00:00,2021-12-31T00:00:00,AAAAAOXMt/g=,10,2019-04-10T14:59:55.033
4254,0B38D677-E29D-4CB8-A120-BE4A66BA0A62,7627,Costa G.,Constantinides,Costa G. Constantinides,5258,Committee on Resiliency and Waterfronts,3,Committee member,2019-04-09T00:00:00,2021-12-31T00:00:00,AAAAAOXMt/o=,25,2019-04-10T15:00:29.413
4255,3931B746-27E4-4091-8A6D-601BEF4C2B1B,7744,Ruben,"Diaz, Sr.","Ruben Diaz, Sr.",5258,Committee on Resiliency and Waterfronts,3,Committee member,2019-04-09T00:00:00,2021-12-31T00:00:00,AAAAAOXMt/4=,50,2019-04-10T15:00:55.21
4256,1C93A431-24C6-4CF9-A23A-C85DF7438E7A,7568,Deborah L.,Rose,Deborah L. Rose,5258,Committee on Resiliency and Waterfronts,3,Committee member,2019-04-09T00:00:00,2021-12-31T00:00:00,AAAAAOXMuAM=,75,2019-04-10T15:01:22.81
4257,D3DE61F9-2BEF-44C8-B84D-66B8B062E604,7510,Eric A.,Ulrich,Eric A. Ulrich,5258,Committee on Resiliency and Waterfronts,3,Committee member,2019-04-09T00:00:00,2021-12-31T00:00:00,AAAAAOXMuAc=,100,2019-04-10T15:01:52.67
4281,808385A1-D900-4628-9900-F2E91CBEB08C,7739,Adrienne,Adams,Adrienne E. Adams,5261,"Subcommittee on Landmarks, Public Sitings and Dispositions",1,Chairperson,2019-09-25T00:00:00,2021-12-31T00:00:00,AAAAAOXwINk=,1,2019-08-28T14:20:05.857
4287,12ED0C08-03F5-4E60-BA8C-18A12B14EA3A,7623,Inez D.,Barron,Inez D. Barron,5261,"Subcommittee on Landmarks, Public Sitings and Dispositions",3,Committee member,2019-09-25T00:00:00,2021-12-31T00:00:00,AAAAAOXnnqE=,30,2019-09-24T15:26:36.4
4288,5BD143CC-1500-4938-9B4F-073A0CC0BA30,7565,Peter A.,Koo,Peter A. Koo,5261,"Subcommittee on Landmarks, Public Sitings and Dispositions",3,Committee member,2019-09-25T00:00:00,2021-12-31T00:00:00,AAAAAOXnnqI=,60,2019-09-24T15:27:02.447
4289,17564E6E-A7EA-4E6A-B40B-A0B58B5E7980,7637,I. Daneek,Miller,I. Daneek Miller,5261,"Subcommittee on Landmarks, Public Sitings and Dispositions",3,Committee member,2019-09-25T00:00:00,2021-12-31T00:00:00,AAAAAOXnnqM=,90,2019-09-24T15:27:28.98
4290,C8CFF894-4F08-40E4-994F-14FC619CBCC5,7641,Mark,Treyger,Mark Treyger,5261,"Subcommittee on Landmarks, Public Sitings and Dispositions",3,Committee member,2019-09-25T00:00:00,2021-12-31T00:00:00,AAAAAOXnnqQ=,120,2019-09-24T15:28:20.763
