PersonId,Guid,District,CouncilDistrict,FirstName,LastName,Gender,Title,Party,Active,PhotoURL,FacebookURL,TwitterURL,TwitterHandle,InstagramURL,InstagramHandle,Website,Email,DistrictOfficeAddress,DistrictOfficeCity,DistrictOfficeState,DistrictOfficeZip,DistrictOfficePhone,DistrictOfficeFax,LegislativeOfficeAddress,LegislativeOfficeCity,LegislativeOfficeState,LegislativeOfficeZip,LegislativeOfficePhone,LegislativeOfficeFax,Version,LastUpdatedUTC
7562,3AF9D92F-B7A6-4D20-BD98-5850F37C73CC,1,NYCC01,Margaret,Chin,Female,Council Member,Democrat,1,https://raw.githubusercontent.com/NewYorkCityCouncil/districts/master/thumbnails/district-1.jpg,https://www.facebook.com/councilmembermargaret.chin,https://twitter.com/CM_MargaretChin,CM_MargaretChin,https://www.instagram.com/teammargaretchin/,teammargaretchin,https://council.nyc.gov/district-1,Mchin@council.nyc.gov,"101-105 Lafayette Street, 9th Floor (Suite C)",New York,NY,10013,212-587-3159,212-587-3138,"250 Broadway, 17th Floor - Suite 1762",New York,NY,10007,212-788-7259,,AAAAAOXMt2A=,2015-08-25T15:57:04.463
7740,84B9F81D-DD16-4BE7-83AF-8A56BD56EF9E,2,NYCC02,Carlina,Rivera,Female,Council Member,Democrat,1,https://raw.githubusercontent.com/NewYorkCityCouncil/districts/master/thumbnails/district-2.jpg,https://www.facebook.com/carlinalrivera,https://twitter.com/CarlinaRivera,CarlinaRivera,https://www.instagram.com/carlinalrivera/,carlinalrivera,https://council.nyc.gov/district-2,Crivera2@council.nyc.gov,209 East 3rd Street,New York,NY,10009,212-677-1077,212-677-1990,250 Broadway - 18th Floor - Suite 1808,New York,NY,10007,212-788-7366,,AAAAAOXXE9E=,2017-12-05T15:31:47.953
7631,5F853C21-2F5B-4958-8588-EF0B7963CA0F,3,NYCC03,Corey,Johnson,Male,Speaker,Democrat,1,https://raw.githubusercontent.com/NewYorkCityCouncil/districts/master/thumbnails/district-3.jpg,https://www.facebook.com/corey.d.johnson,https://twitter.com/CoreyinNYC,CoreyinNYC,https://www.instagram.com/speakercoreyjohnson/,speakercoreyjohnson,https://council.nyc.gov/district-3,Corey.Johnson@council.nyc.gov,224 West 30th Street (Suite 1206),New York,NY,10001,212-564-7757,212-564-7347,250 Broadway - 18th Floor - Suite 1856,New York,NY,10007,212-788-6979,,AAAAAOXGi28=,2015-08-25T15:57:04.463
7741,6A9CF4B9-BA6D-45FB-99B7-55721EB77E80,4,NYCC04,Keith,Powers,Male,Council Member,Democrat,1,https://raw.githubusercontent.com/NewYorkCityCouncil/districts/master/thumbnails/district-4.jpg,https://www.facebook.com/keithdynamite,https://twitter.com/KeithPowersNYC,KeithPowersNYC,https://www.instagram.com/keithpowersnyc/,keithpowersnyc,https://council.nyc.gov/district-4,Kpowers@council.nyc.gov,211 East 43rd Street (Room 1205),New York,NY,10017,212-818-0580,212-818-0706,250 Broadway - 18th Floor - Suite 1815,New York,NY,10007,212-788-7393,,AAAAAOXMjVk=,2017-12-05T15:33:01.107
7632,016BEC4D-8705-4530-92B5-E31AAB115748,5,NYCC05,Ben,Kallos,Male,Council Member,Democrat,1,https://raw.githubusercontent.com/NewYorkCityCouncil/districts/master/thumbnails/district-5.jpg,https://www.facebook.com/benkallos,https://twitter.com/kallos,kallos,https://www.instagram.com/benkallos/,benkallos,https://council.nyc.gov/district-5,Bkallos@council.nyc.gov,244 East 93rd Street,New York,NY,10128,212-860-1950,212-980-1828,250 Broadway - 18th Floor - Suite 1807,New York,NY,10007,212-788-6865,,AAAAAOXMjj8=,2015-08-25T15:57:04.463
7639,5A77DDB4-93DF-4936-9DDE-A0751E3CD238,6,NYCC06,Helen,Rosenthal,Female,Council Member,Democrat,1,https://raw.githubusercontent.com/NewYorkCityCouncil/districts/master/thumbnails/district-6.jpg,https://www.facebook.com/CouncilMemberHelenRosenthal,https://twitter.com/HelenRosenthal,HelenRosenthal,https://www.instagram.com/helenrosenthal/,helenrosenthal,https://council.nyc.gov/district-6,Hrosenthal@council.nyc.gov,563 Columbus Avenue ,New York,NY,10024,212-873-0282,212-873-0279,250 Broadway - 17th Floor - Suite 1765,New York,NY,10007,212-788-6975,,AAAAAOXsA0g=,2015-08-25T15:57:04.463
7634,DB7D700B-3D77-42F9-AD21-F21572485CC0,7,NYCC07,Mark,Levine,Male,Council Member,Democrat,1,https://raw.githubusercontent.com/NewYorkCityCouncil/districts/master/thumbnails/district-7.jpg,https://www.facebook.com/markdlevine,https://twitter.com/MarkLevineNYC,MarkLevineNYC,https://www.instagram.com/marklevinenyc/,marklevinenyc,https://council.nyc.gov/district-7,Mlevine@council.nyc.gov,"500 West 141st Street
Phone (212) 928-6814
Fax (646) 582-1408

991 Amsterdam Ave
Phone (212) 928-6814
Fax (646) 582-1408",New York,NY,10031,212-928-6814,646-582-1408,250 Broadway - 18th Floor - Suite 1816,New York,NY,10007,212-788-7007,,AAAAAOXsBTo=,2015-08-25T15:57:04.463
7742,95079EB4-F2ED-4A98-B2C2-1BA923F2D90E,8,NYCC08,Diana,Ayala,Female,Council Member,Democrat,1,https://raw.githubusercontent.com/NewYorkCityCouncil/districts/master/thumbnails/district-8.jpg,https://www.facebook.com/diana.ayala.161,https://twitter.com/DianaAyalaNYC,DianaAyalaNYC,https://www.instagram.com/diana.ayala.161/,diana.ayala.161,https://council.nyc.gov/district-8,DAyala@council.nyc.gov,"214 Saint Ann's Avenue, Bronx, NY 10454
Phone (347) 297-4922
Fax (347) 270-1213

105 East 116th Street, New York, NY 10029
Phone (212) 828-9800
Fax (212) 722-6378",Bronx and Manhattan,NY,10454,212-828-9800,212-722-6378,250 Broadway - 18th Floor - Suite 1880,New York,NY,10007,212-788-6960,,AAAAAOXXFHs=,2017-12-05T15:33:44.797
430,46189A2E-08C4-4D21-85F7-035945A62E45,9,NYCC09,Bill,Perkins,Male,Council Member,Democrat,1,https://raw.githubusercontent.com/NewYorkCityCouncil/districts/master/thumbnails/district-9.jpg,https://www.facebook.com/profile.php?id=100018744134062,,,https://www.instagram.com/billperkinsd09/,billperkinsd09,https://council.nyc.gov/district-9,Bperkins@council.nyc.gov,ACP Jr. Sta. Ofc-163 W. 125 Street,New York,NY,10027,212-678-4505,212-864-4379,250 Broadway - 18th Floor - Suite 1821,New York,NY,10007,212-788-7397,,AAAAAOXsBrE=,2015-08-25T15:57:04.463
7541,35E6AEDA-5429-4C3A-BD19-4E250698DCD2,10,NYCC10,Ydanis,Rodriguez,Male,Council Member,Democrat,1,https://raw.githubusercontent.com/NewYorkCityCouncil/districts/master/thumbnails/district-10.jpg,https://www.facebook.com/ydanis.rodriguez.1,https://twitter.com/ydanis,ydanis,https://www.instagram.com/ydanis_rodriguez/,ydanis_rodriguez,https://council.nyc.gov/district-10,Yrodriguez@council.nyc.gov,618 West 177 Street,New York,NY,10033,917-521-2616,917-521-1293,250 Broadway - 17th Floor - Suite 1763,New York,NY,10007,212-788-7053,,AAAAAOXsBcI=,2015-08-25T15:57:04.463
7624,D45A07AD-97F3-4C8A-AE2B-E3F9906EC4AA,11,NYCC11,Andrew,Cohen,Male,Council Member,Democrat,1,https://raw.githubusercontent.com/NewYorkCityCouncil/districts/master/thumbnails/district-11.jpg,https://www.facebook.com/Council Member-Andrew-Cohen-402337503202703,https://twitter.com/AndrewCohenNYC,AndrewCohenNYC,https://www.instagram.com/andrewcohennyc/,andrewcohennyc,https://council.nyc.gov/district-11,ACohen@council.nyc.gov,"277 West 231st Street, 10463
Phone (718) 549-7300
Fax (718) 549-9945

3450 Dekalb Avenue, 10467
Phone (718) 882-4000 x353


",Bronx,NY,10463,718-549-7300,718-549-9945,250 Broadway - 18th Floor - Suite 1868,New York,NY,10007,212-788-7080,,AAAAAOXsBms=,2015-08-25T15:57:04.463
7613,960D5A27-73A3-4C1D-8BD6-C93A086C48E8,12,NYCC12,Andy,King,Male,Council Member,Democrat,1,https://raw.githubusercontent.com/NewYorkCityCouncil/districts/master/thumbnails/district-12.jpg,https://www.facebook.com/New-York-City-Council Member-Andy-L-King-116867358490208,https://twitter.com/AndyKingNYC,AndyKingNYC,https://www.instagram.com/andykingnyc/,andykingnyc,https://council.nyc.gov/district-12,Andy.King@council.nyc.gov,"940 East Gunhill Road
Bronx, NY 10469
Phone (718) 684-5509
Fax (718) 684-5510

135 Einstein Loop, Room 44
Bronx, NY 10475
Phone (347) 326-8652
Fax (347) 326-8653

",Bronx,NY,10469,718-684-5509,718-684-5510,250 Broadway - 17th Floor - Suite 1770,New York,NY,10007,212-788-6873,,AAAAAOXXFFo=,2015-08-25T15:57:04.463
7743,2A6B0B8F-D602-423D-9364-78B56CD11396,13,NYCC13,Mark,Gjonaj,Male,Council Member,Democrat,1,https://raw.githubusercontent.com/NewYorkCityCouncil/districts/master/thumbnails/district-13.jpg,https://www.facebook.com/MarkGjonajNY/,https://twitter.com/MarkGjonajNY,MarkGjonajNY,https://www.instagram.com/markgjonajny/,markgjonajny,https://council.nyc.gov/district-13,Mgjonaj@council.nyc.gov,1478 Williamsbridge Road ,Bronx ,NY,10461,718-931-1721,718-931-1605,"250 Broadway, 18th Floor - Suite 1847",New York,NY,10007,212-788-7375,,AAAAAOXsA9c=,2017-12-05T15:34:11.577
7561,38B11858-8FF6-48E1-9D20-A85151E11A94,14,NYCC14,Fernando,Cabrera,Male,Majority Whip,Democrat,1,https://raw.githubusercontent.com/NewYorkCityCouncil/districts/master/thumbnails/district-14.jpg,https://www.facebook.com/councilmembercabrera,https://twitter.com/FCabreraNY,FCabreraNY,https://www.instagram.com/councilman.cabrera/,councilman.cabrera,https://council.nyc.gov/district-14,Fcabrera@council.nyc.gov,107 East Burnside Avenue,Bronx,NY,10453,347-590-2874,347-590-2878,250 Broadway - 17th Floor - Suite 1725,New York,NY,10007,212-788-7074,,AAAAAOXGpEM=,2015-08-25T15:57:04.463
7640,7BFFE9BE-5692-478F-A422-5FB63A634749,15,NYCC15,Ritchie,Torres,Male,Council Member,Democrat,1,https://raw.githubusercontent.com/NewYorkCityCouncil/districts/master/thumbnails/district-15.jpg,https://www.facebook.com/RitchieTorresNYC,https://twitter.com/ritchietorres,ritchietorres,https://www.instagram.com/ritchietorrescd15/,ritchietorrescd15,https://council.nyc.gov/district-15,Rtorres@council.nyc.gov,573 E. Fordham Road,Bronx,NY,10458,718-842-8100,347-597-8570,250 Broadway - 17th Floor - Suite 1759,New York,NY,10007,212-788-6966,,AAAAAOXXE7A=,2015-08-25T15:57:04.463
7622,7BA7FB4F-5E65-4CAB-9E72-93D2FAA07708,16,NYCC16,Vanessa,Gibson,Female,Council Member,Democrat,1,https://raw.githubusercontent.com/NewYorkCityCouncil/districts/master/thumbnails/district-16.jpg,https://www.facebook.com/VanessaGibsonNYC,https://twitter.com/Vanessalgibson,Vanessalgibson,https://www.instagram.com/msvanessa77/,msvanessa77,https://council.nyc.gov/district-16,Vgibson@council.nyc.gov,1377 Jerome Avenue,Bronx,NY,10452,718-588-7500,718-588-7790,250 Broadway - 18th Floor - Suite 1872,New York,NY,10007,212-788-6856,,AAAAAOXMtz4=,2015-08-25T15:57:04.463
7714,677F9066-0BBB-43CF-AB49-667EE4BE1D70,17,NYCC17,Rafael,Salamanca,Male,Council Member,Democrat,1,https://raw.githubusercontent.com/NewYorkCityCouncil/districts/master/thumbnails/district-17.jpg,https://www.facebook.com/rafael.salamanca.501,https://twitter.com/salamancajr80,salamancajr80,https://www.instagram.com/salamancajr80/,salamancajr80,https://council.nyc.gov/district-17,Rsalamanca@council.nyc.gov,1070 Southern Blvd.,Bronx,NY,10459,718-402-6130,718-402-0539,250 Broadway - 17th Floor - Suite 1781,New York,NY,10007,212-788-7384,,AAAAAOXGpNQ=,2016-02-24T17:46:30.143
7744,8AD84C19-B378-4081-9A55-0E4E613B2B26,18,NYCC18,Ruben,Diaz,Male,Council Member,Democrat,1,https://raw.githubusercontent.com/NewYorkCityCouncil/districts/master/thumbnails/district-18.jpg,,https://twitter.com/revrubendiaz,revrubendiaz,https://www.instagram.com/councilmanrevrubendiaz/,councilmanrevrubendiaz,https://council.nyc.gov/district-18,RDiaz@council.nyc.gov,"2347 Lafayette Ave., Suite 2B",Bronx,NY,10473,718-792-1140,718-931-0235,250 Broadway - 18th Floor - Suite 1804,New York,NY,10007,212-788-6853,,AAAAAOXMuAI=,2017-12-05T15:34:56.937
7642,52AF0497-2891-4BD2-AD0D-D39A80D2DFF8,19,NYCC19,Paul,Vallone,Male,Council Member,Democrat,1,https://raw.githubusercontent.com/NewYorkCityCouncil/districts/master/thumbnails/district-19.jpg,https://www.facebook.com/CouncilMemberPaulVallone,https://twitter.com/PaulVallone,PaulVallone,https://www.instagram.com/paulvallone/,paulvallone,https://council.nyc.gov/district-19,Pvallone@council.nyc.gov,"42-40 Bell Blvd, Suite 507, 5th Fl, Bayside",Queens,NY,11361,718-619-8611,718-631-4100,250 Broadway - 17th Floor - Suite 1792,New York,NY,10007,212-788-7250,,AAAAAOXGpOA=,2015-08-25T15:57:04.463
7565,22E3BA87-AFEC-4C9C-9A8B-7A4075A48D84,20,NYCC20,Peter,Koo,Male,Council Member,Democrat,1,https://raw.githubusercontent.com/NewYorkCityCouncil/districts/master/thumbnails/district-20.jpg,https://www.facebook.com/Peter-Koo-207749175523,https://twitter.com/cmpeterkoo,cmpeterkoo,https://www.instagram.com/cmpeterkoo/,cmpeterkoo,https://council.nyc.gov/district-20,Pkoo@council.nyc.gov,"135-27 38th Avenue, Suite 388 Flushing",Queens,NY,11354,718-888-8747,718-888-0331,250 Broadway - 17th Floor - Suite 1749,New York,NY,10007,212-788-7022,,AAAAAOXo1Hg=,2015-08-25T15:57:04.463
7745,7E927C82-4573-4864-A638-A4F00EFB43B1,21,NYCC21,Francisco,Moya,Male,Council Member,Democrat,1,https://raw.githubusercontent.com/NewYorkCityCouncil/districts/master/thumbnails/district-21.jpg,https://www.facebook.com/francisco.moya.391,https://twitter.com/FranciscoMoyaNY,FranciscoMoyaNY,https://www.instagram.com/franciscomoyany/,franciscomoyany,https://council.nyc.gov/district-21,Fmoya@council.nyc.gov,"32-33A Junction Blvd., East Elmhurst",Queens,NY,11369,718-651-1917,718-565-5937,250 Broadway - 17th Floor - Suite 1768,New York ,NY,10007,212-788-6862,,AAAAAOXMi3E=,2017-12-05T15:35:44.653
7627,3C7043B6-E22F-4EB9-B4CD-805FEAB92B68,22,NYCC22,Costa,Constantinides,Male,Council Member,Democrat,1,https://raw.githubusercontent.com/NewYorkCityCouncil/districts/master/thumbnails/district-22.jpg,https://www.facebook.com/costaforastoria,https://twitter.com/Costa4NY,Costa4NY,https://www.instagram.com/costa4ny/,costa4ny,https://council.nyc.gov/district-22,Cconstantinides@council.nyc.gov,"31-09 Newtown Ave., Suite 209, Astoria",Queens,NY,11102,718 274-4500,646-661-6799,250 Broadway - 17th Floor - Suite 1778,New York,NY,10007,212-788-6963,,AAAAAOXXFH8=,2015-08-25T15:57:04.463
7691,B34A1468-8C65-455C-9E85-E45161F4C211,23,NYCC23,Barry,Grodenchik,Male,Council Member,Democrat,1,https://raw.githubusercontent.com/NewYorkCityCouncil/districts/master/thumbnails/district-23.jpg,https://www.facebook.com/bgrodenchik,https://twitter.com/barrygrodenchik,barrygrodenchik,,,https://council.nyc.gov/district-23,Bgrodenchik@council.nyc.gov,"73-03 Bell Blvd., 1N, Oakland Gardens",Queens,NY,11364,718-468-0137,718-468-0178,250 Broadway - 17th Floor - Suite 1744,New York,NY,10007,212-788-7075,,AAAAAOXGpHc=,2015-11-10T15:18:25.33
7633,8423EA77-8814-4539-8DCC-9BDC963AC351,24,NYCC24,Rory,Lancman,Male,Council Member,Democrat,1,https://raw.githubusercontent.com/NewYorkCityCouncil/districts/master/thumbnails/district-24.jpg,https://www.facebook.com/RoryLancman,https://twitter.com/RoryLancman,RoryLancman,https://www.instagram.com/rorylancman/,rorylancman,https://council.nyc.gov/district-24,Rlancman@council.nyc.gov,"78-40 164th Street, Suite BB, Hillcrest",Queens,NY,11366,718-217-4969,347-561-6116,250 Broadway - 17th Floor - Suite 1773,New York,NY,10007,212-788-6956,,AAAAAOXGpI8=,2015-08-25T15:57:04.463
7563,E922D38E-695B-4151-9DA7-8F8A0101CA6D,25,NYCC25,Daniel,Dromm,Male,Council Member,Democrat,1,https://raw.githubusercontent.com/NewYorkCityCouncil/districts/master/thumbnails/district-25.jpg,https://www.facebook.com/Daniel-Dromm-18241697139,https://twitter.com/dromm25,dromm25,https://www.instagram.com/dromm25/,dromm25,https://council.nyc.gov/district-25,Ddromm@council.nyc.gov,"37-32 75th Street, Jackson Heights",Queens,NY,11372,718-803-6373,718-803-9832,250 Broadway - 18th Floor - Suite 1826,New York,NY,10007,212-788-7066,,AAAAAOXsBgY=,2015-08-25T15:57:04.463
7569,7AA17005-8ED9-4ADE-A266-41D55E8EFBFD,26,NYCC26,Jimmy,Van Bramer,Male,Council Member,Democrat,1,https://raw.githubusercontent.com/NewYorkCityCouncil/districts/master/thumbnails/district-26.jpg,https://www.facebook.com/Jimmy-Van-Bramer-125696285699,https://twitter.com/JimmyVanBramer,JimmyVanBramer,https://www.instagram.com/jimmyvanbramer/,jimmyvanbramer,https://council.nyc.gov/district-26,JvanBramer@council.nyc.gov,"47-01 Queens Blvd.,(Suite 205), Sunnyside",Queens,NY,11104,718-383-9566,718-383-9076,250 Broadway - 18th Floor - Suite 1882,New York,NY,10007,212-788-7370,,AAAAAOXGpOQ=,2015-08-25T15:57:04.463
7637,498E03A5-5788-4317-AA1F-C89BB10E729E,27,NYCC27,Daneek,Miller,Male,Council Member,Democrat,1,https://raw.githubusercontent.com/NewYorkCityCouncil/districts/master/thumbnails/district-27.jpg,https://www.facebook.com/daneek.miller,https://twitter.com/IDaneekMiller,IDaneekMiller,https://www.instagram.com/idaneekmiller/,idaneekmiller,https://council.nyc.gov/district-27,Idmiller@council.nyc.gov,"172-12 Linden Boulevard, St. Albans",Queens,NY,11434,718-776-3700,718-487-3580,250 Broadway - 18th Floor - Suite 1810,New York,NY,10007,212-788-7084,,AAAAAOXsBAU=,2015-08-25T15:57:04.463
7739,908E34D2-F8E7-4AC5-81A6-A98765C14C70,28,NYCC28,Adrienne,Adams,Female,Council Member,Democrat,1,https://raw.githubusercontent.com/NewYorkCityCouncil/districts/master/thumbnails/district-28.jpg,https://www.facebook.com/adrienne.adams.54772,https://twitter.com/AdrienneEAdams,AdrienneEAdams,https://www.instagram.com/adrienneeadams/,adrienneeadams,https://council.nyc.gov/district-28,AeAdams@council.nyc.gov,165-48 Baisley Blvd,Jamaica,NY,11434,718-723-0680,718-206-2748,250 Broadway - 18th Floor - Suite 1877,New York,NY,10007,212-788-6850,718-442-2729,AAAAAOXnJgc=,2017-10-18T16:34:47.323
386,52F44E6B-B3AB-45B5-BE57-69328B933D72,29,NYCC29,Karen,Koslowitz,Female,Council Member,Democrat,1,https://raw.githubusercontent.com/NewYorkCityCouncil/districts/master/thumbnails/district-29.jpg,https://www.facebook.com/Karen-Koslowitz-119475124337,https://twitter.com/cmkoslowitz,cmkoslowitz,https://www.instagram.com/kkoslowitz/,kkoslowitz,https://council.nyc.gov/district-29,Kkoslowitz@council.nyc.gov,"118-35 Queens Blvd. 17th Fl., Forest Hills",Queens,NY,11375,718-544-8800,718-544-4452,250 Broadway - 18th Floor - Suite 1865,New York,NY,10007,212-788-6981,,AAAAAOXsBCM=,2015-08-25T15:57:04.463
7746,D0C4124E-3ACE-404B-8DCA-26FC9108DD97,30,NYCC30,Robert,Holden,Male,Council Member,Republican,1,https://raw.githubusercontent.com/NewYorkCityCouncil/districts/master/thumbnails/district-30.jpg,https://www.facebook.com/robert.holden.16,https://twitter.com/BobHoldenNYC,BobHoldenNYC,https://www.instagram.com/bobholdennyc/,bobholdennyc,https://council.nyc.gov/district-30,Rholden@council.nyc.gov,"71-19 80th St., Suite 8-303, Glendale",Queens,NY,11385,718-366-3900,718-326-3549,250 Broadway - 17th Floor - Suite 1774,New York,NY,10007,212-788-7381,,AAAAAOXsBDA=,2017-12-05T15:36:33.127
7617,32749AA8-E77F-4065-A7B8-FC357CFAEBA9,31,NYCC31,Donovan,Richards,Male,Council Member,Democrat,1,https://raw.githubusercontent.com/NewYorkCityCouncil/districts/master/thumbnails/district-31.jpg,https://www.facebook.com/drichardsnyccouncil,https://twitter.com/DRichards13,DRichards13,https://www.instagram.com/drichardsnyccouncil/,drichardsnyccouncil,https://council.nyc.gov/district-31,Drichards@council.nyc.gov,"234-26A Merrick Blvd., Laurelton 
Phone (718) 527-4356
Fax (718) 527-4402

19-31 Mott Avenue, Suite 410, Far Rockaway
Phone (718) 471-7014
Fax (718) 327-4794",Queens,NY,11422,718-527-4356,718-527-4402,250 Broadway - 17th Floor - Suite 1731,New York,NY,10007,212-788-7216,,AAAAAOXMjms=,2015-08-25T15:57:04.463
7510,E28DF7EB-9FFD-45BA-BC5F-219EB04DAF9E,32,NYCC32,Eric,Ulrich,Male,Council Member,Republican,1,https://raw.githubusercontent.com/NewYorkCityCouncil/districts/master/thumbnails/district-32.jpg,https://www.facebook.com/ericulrich32,https://twitter.com/eric_ulrich,eric_ulrich,https://www.instagram.com/ericulrich32/,ericulrich32,https://council.nyc.gov/district-32,Eulrich@council.nyc.gov,"93-06 101st Avenue, Ozone Park
Phone (718) 738-1083
Fax (718) 738-1918

114-12 Beach Chanel Dr Suite 1, Rockaway Park
Phone (718) 318-6411
Fax (718) 634-0700
",Queens,NY,11416,718-738-1083,718-738-1918,250 Broadway - 15th Floor - Suite 1555,New York,NY,10007,212-788-7069,,AAAAAOXXE3c=,2015-08-25T15:57:04.463
7567,ABD228E1-0867-4561-A948-38C12BEEB1AD,33,NYCC33,Stephen,Levin,Male,Council Member,Democrat,1,https://raw.githubusercontent.com/NewYorkCityCouncil/districts/master/thumbnails/district-33.jpg,https://www.facebook.com/stephen.levin1,https://twitter.com/StephenLevin33,StephenLevin33,https://www.instagram.com/stephenlevin9/,stephenlevin9,https://council.nyc.gov/district-33,Slevin@council.nyc.gov,410 Atlantic Ave,Brooklyn,NY,11217,718-875-5200,718-643-6620,250 Broadway - 17th Floor - Suite 1747,New York,NY,10007,212-788-7348,,AAAAAOXGpJc=,2015-08-25T15:57:04.463
7638,54F60DB8-C539-4BBD-BC5F-2490CB5F58E2,34,NYCC34,Antonio,Reynoso,Male,Council Member,Democrat,1,https://raw.githubusercontent.com/NewYorkCityCouncil/districts/master/thumbnails/district-34.jpg,https://www.facebook.com/Antonio4Council,https://twitter.com/CMReynoso34,CMReynoso34,https://www.instagram.com/cmreynoso34/,cmreynoso34,https://council.nyc.gov/district-34,Areynoso@council.nyc.gov,"244 Union Avenue, 1st Floor",Brookllyn,NY,11211,718-963-3141,347-223-4347,250 Broadway - 17th Floor - Suite 1740,New York ,NY,10007,212-788-7095,,AAAAAOXGpLk=,2015-08-25T15:57:04.463
7628,481F975C-17F4-410B-A2E2-04FDAA74CEF4,35,NYCC35,Laurie,Cumbo,Female,Majority Leader,Democrat,1,https://raw.githubusercontent.com/NewYorkCityCouncil/districts/master/thumbnails/district-35.jpg,https://www.facebook.com/CMLaurieCumbo,https://twitter.com/cmlauriecumbo,cmlauriecumbo,https://www.instagram.com/cmlauriecumbo/,cmlauriecumbo,https://council.nyc.gov/district-35,Lcumbo@council.nyc.gov,"55 Hanson Place, Suite 778",Brooklyn,NY,11217,718-260-9191,718-398-2808,250 Broadway - 18th Floor - Suite 1833,New York,NY,10007,212-788-7081,,AAAAAOXXE6Y=,2015-08-25T15:57:04.463
7604,B4071520-5936-406E-9E0E-E5FB4ADF4D68,36,NYCC36,Robert,Cornegy,Male,Council Member,Democrat,1,https://raw.githubusercontent.com/NewYorkCityCouncil/districts/master/thumbnails/district-36.jpg,https://www.facebook.com/CouncilMemberRobertCornegy,https://twitter.com/RobertCornegyJr,RobertCornegyJr,https://www.instagram.com/rcornegyjr/,rcornegyjr,https://council.nyc.gov/district-36,RCornegy@council.nyc.gov,"1360 Fulton Street, 5th Floor, Suite 500",Brooklyn,NY,11216,718-919-0740,718-857-2555,250 Broadway - 17th Floor - Suite 1743,New York,NY,10007,212-788-7354,,AAAAAOXGpFM=,2015-08-25T15:57:04.463
7630,3DC47628-A60D-4259-A898-7FF24CC4D9D8,37,NYCC37,Rafael,Espinal,Male,Council Member,Democrat,1,https://raw.githubusercontent.com/NewYorkCityCouncil/districts/master/thumbnails/district-37.jpg,https://www.facebook.com/RafaelLEspinaljr,https://twitter.com/rlespinal,rlespinal,https://www.instagram.com/rlespinal/,rlespinal,https://council.nyc.gov/district-37,Respinal@council.nyc.gov,"1945 Broadway, 11207",Brooklyn,NY,11207,718-642-8664,718-889-6017,250 Broadway - 17th Floor - Suite 1754,New York,NY,10007,212-788-7284,,AAAAAOXGpGc=,2015-08-25T15:57:04.463
7636,8120859E-BDBB-46F7-9FEB-427DF224894B,38,NYCC38,Carlos,Menchaca,Male,Council Member,Democrat,1,https://raw.githubusercontent.com/NewYorkCityCouncil/districts/master/thumbnails/district-38.jpg,https://www.facebook.com/Menchaca.Carlos.Jr,https://twitter.com/cmenchaca,cmenchaca,https://www.instagram.com/menchaca/,menchaca,https://council.nyc.gov/district-38,Cmenchaca@council.nyc.gov,"4417 4th Ave, Ground Floor",Brooklyn,NY,11220,718-439-9012,347-599-0604,250 Broadway - 17th Floor - Suite 1728,New York,NY,10007,212-788-7372,,AAAAAOXGpKU=,2015-08-25T15:57:04.463
7566,38F0FAFE-8691-43F1-B4F6-B35B272152AE,39,NYCC39,Brad,Lander,Male,Council Member,Democrat,1,https://raw.githubusercontent.com/NewYorkCityCouncil/districts/master/thumbnails/district-39.jpg,https://www.facebook.com/BradLander,https://twitter.com/bradlander,bradlander,https://www.instagram.com/brad.lander/,brad.lander,https://council.nyc.gov/district-39,Blander@council.nyc.gov,456 5th Avenue (3rd Floor),Brooklyn,NY,11215,718-499-1090,718-499-1997,250 Broadway - 17th Floor - Suite 1751,New York,NY,10007,212-788-6969,,AAAAAOXMjRU=,2015-08-25T15:57:04.463
7113,588FFCC4-CC3A-4B14-9ED9-0CBF07441FFB,40,NYCC40,Mathieu,Eugene,Male,Council Member,Democrat,1,https://raw.githubusercontent.com/NewYorkCityCouncil/districts/master/thumbnails/district-40.jpg,https://www.facebook.com/mathieu.eugene.50,https://twitter.com/CMMathieuEugene,CMMathieuEugene,https://www.instagram.com/cmmathieueugene/,cmmathieueugene,https://council.nyc.gov/district-40,Meugene@council.nyc.gov,900 Rogers Avenue,Brooklyn,NY,11226,718-287-8762,718-287-8917,250 Broadway - 17th Floor - Suite 1789,New York,NY,10007,212-788-7352,,AAAAAOXGpGs=,2015-08-25T15:57:04.463
7747,742016AA-4C2C-42F4-8584-0F8F5138B9AC,41,NYCC41,Alicka,Ampry-Samuel,Female,Council Member,Democrat,1,https://raw.githubusercontent.com/NewYorkCityCouncil/districts/master/thumbnails/district-41.jpg,https://www.facebook.com/alicka.amprysamuel,https://twitter.com/alickasamuel,alickasamuel,https://www.instagram.com/alicka_ampry_samuel41/,alicka_ampry_samuel41,https://council.nyc.gov/district-41,Asamuel@council.nyc.gov,"1757 Union Street, (2nd Floor), 11213",Brooklyn,NY,11213,718-953-3097,718-953-3276,250 Broadway - 18th Floor - Suite 1841,New York,NY,10007,212-788-7387 ,,AAAAAOXMt4w=,2017-12-05T15:38:22.943
7623,9F6F5B60-5BF2-4A37-99D1-428AB048687F,42,NYCC42,Inez,Barron,Female,Council Member,Democrat,1,https://raw.githubusercontent.com/NewYorkCityCouncil/districts/master/thumbnails/district-42.jpg,,,,,,https://council.nyc.gov/district-42,Ibarron@council.nyc.gov,718 Pennsylvania Avenue,Brooklyn,NY,11207,718-649-9495,718-649-3111,250 Broadway - 18th Floor - Suite 1823,New York ,NY,10007,212-788-6957,,AAAAAOXsA2U=,2015-08-25T15:57:04.463
7748,1E0534E6-E64E-4984-B560-E28D046F6834,43,NYCC43,Justin,Brannan,Male,Council Member,Democrat,1,https://raw.githubusercontent.com/NewYorkCityCouncil/districts/master/thumbnails/district-43.jpg,https://www.facebook.com/JustinBrannan,https://twitter.com/JustinBrannan,JustinBrannan,https://www.instagram.com/justin.brannan/,justin.brannan,https://council.nyc.gov/district-43,JBrannan@council.nyc.gov,8018 5th Avenue,Brooklyn,NY,11209,718-748-5200,347-578-7717,250 Broadway - 17th Floor - Suite 1776,New York,NY,10007,212-788-7363,,AAAAAOXXFEY=,2017-12-05T15:39:04.24
7749,9529746E-868E-4DE6-BCF0-45B0DFE7DE91,44,NYCC44,Kalman,Yeger,Male,Council Member,Democrat,1,https://raw.githubusercontent.com/NewYorkCityCouncil/districts/master/thumbnails/district-44.jpg,https://www.facebook.com/kalman.yeger,https://twitter.com/KalmanYeger,KalmanYeger,https://www.instagram.com/kalmanyeger/,kalmanyeger,https://council.nyc.gov/district-44,Kyeger@council.nyc.gov,4424 16th Avenue,Brooklyn,NY,11204,718-853-2704/2068,718-853-3858,250 Broadway - 17th Floor - Suite 1738,New York,NY,10007,212-788-7357,,AAAAAOXGpOw=,2017-12-05T15:39:44.397
7785,B5426E00-4785-4136-B1E4-36CC31FA8609,45,NYCC45,Farah,Louis,Female,Council Member,Democrat,1,https://raw.githubusercontent.com/NewYorkCityCouncil/districts/master/thumbnails/district-45.jpg,https://www.facebook.com/FarahFor45/,https://twitter.com/CMFarahLouis,CMFarahLouis,https://www.instagram.com/cmfarahlouis/,cmfarahlouis,https://council.nyc.gov/district-45,,,,,,,,,,,,,,AAAAAOXXqXM=,2019-05-15T15:47:53.977
7571,8B68E8CA-3FBC-4B04-B09A-E38188553061,45,NYCC45,Jumaane,Williams,Male,Council Member,Democrat,0,,https://www.facebook.com/jumaane.williamscouncil,https://twitter.com/JumaaneWilliams,JumaaneWilliams,https://www.instagram.com/jumaane.williams/,jumaane.williams,https://council.nyc.gov/district-45,Jwilliams@council.nyc.gov,4517 Avenue D,Brooklyn,NY,11203,718-629-2900,718-451-2136,250 Broadway - 17th Floor - Suite 1734,New York,NY,10007,212-788-6859,,AAAAAOXI+nQ=,2015-08-25T15:57:04.463
7635,86280730-291C-4A92-B38A-39732B15C721,46,NYCC46,Alan,Maisel,Male,Council Member,Democrat,1,https://raw.githubusercontent.com/NewYorkCityCouncil/districts/master/thumbnails/district-46.jpg,https://www.facebook.com/Alan-Maisel-101012230083901,,,,,https://council.nyc.gov/district-46,AMaisel@council.nyc.gov,2424 Ralph Avenue,Brooklyn,NY,11234,718-241-9330,718-531-1600,250 Broadway - 15th Floor - Suite 1538,New York,NY,10007,212-788-7286,,AAAAAOXMjxA=,2015-08-25T15:57:04.463
7641,DC444FB1-063F-47C9-AA06-15D39C063794,47,NYCC47,Mark,Treyger,Male,Council Member,Democrat,1,https://raw.githubusercontent.com/NewYorkCityCouncil/districts/master/thumbnails/district-47.jpg,https://www.facebook.com/CouncilMemberTreyger,https://twitter.com/marktreyger718,marktreyger718,https://www.instagram.com/marktreyger/,marktreyger,https://council.nyc.gov/district-47,Mtreyger@council.nyc.gov,"445 Neptune Ave. (Community Rm 2C)	
Phone (718) 373-9673
Fax (718) 373-0195

2015 Stillwell Avenue, 11223
Phone (718) 307-7151
Fax (718) 996-1300",Brooklyn,NY,11224,718-373-9673,718-373-0195,250 Broadway - 17th Floor - Suite 1785,New York,NY,1785,212-788-7045,,AAAAAOXnJhc=,2015-08-25T15:57:04.463
7629,4DA5F7B1-900F-4C5B-93D5-B63877028FCB,48,NYCC48,Chaim,Deutsch,Male,Council Member,Democrat,1,https://raw.githubusercontent.com/NewYorkCityCouncil/districts/master/thumbnails/district-48.jpg,https://www.facebook.com/people/Councilman-Chaim-Deutsch/100004765095752,https://twitter.com/ChaimDeutsch,ChaimDeutsch,https://www.instagram.com/councilmanchaimdeutsch/,councilmanchaimdeutsch,https://council.nyc.gov/district-48,Cdeutsch@council.nyc.gov,"2401 Avenue U, 1st Floor",Brooklyn,NY,11229,718-368-9176,718-368-9160,250 Broadway - 18th Floor - Suite 1820,New York,NY,10007,212-788-7360,,AAAAAOXMjqw=,2015-08-25T15:57:04.463
7568,C317D34A-DE7A-48A1-9B43-207A1027D6A1,49,NYCC49,Deborah,Rose,Female,Council Member,Democrat,1,https://raw.githubusercontent.com/NewYorkCityCouncil/districts/master/thumbnails/district-49.jpg,https://www.facebook.com/CouncilwomanDebiRose,https://twitter.com/CMDebiRose,CMDebiRose,https://www.instagram.com/debirose821/,debirose821,https://council.nyc.gov/district-49,Drose@council.nyc.gov,"130 Stuyvesant Place, 6th Fl.",Staten Island,NY,10301,718-556-7370,718-556-7389,250 Broadway - 18th Floor - Suite 1875,New York,NY,10007,212-788-6972,,AAAAAOXMuAY=,2015-08-25T15:57:04.463
5953,CD3E8011-2684-4D72-8FDC-57376390066D,50,NYCC50,Steven,Matteo,Male,Minority Leader,Republican,1,https://raw.githubusercontent.com/NewYorkCityCouncil/districts/master/thumbnails/district-50.jpg,https://www.facebook.com/StevenMatteoSI,https://twitter.com/StevenMatteo,StevenMatteo,https://www.instagram.com/stevenmatteonyc/,stevenmatteonyc,https://council.nyc.gov/district-50,Smatteo@council.nyc.gov,"900 South Avenue, Suite 403",Staten Island,NY,10314,718-980-1017,718-980-1051,250 Broadway - 15th Floor - Suite 1553,New York,NY,10007,212-788-7390,,AAAAAOWHrx4=,2015-08-25T15:57:04.463
7264,A63935D2-3C49-446D-BEA6-AF61920B9DC5,51,NYCC51,Joe,Borelli,Male,Minority Whip,Republican,1,https://raw.githubusercontent.com/NewYorkCityCouncil/districts/master/thumbnails/district-51.jpg,https://www.facebook.com/joe.borelli,https://twitter.com/joeborellinyc,joeborellinyc,https://www.instagram.com/joeborellinyc/,joeborellinyc,https://council.nyc.gov/district-51,JBorelli@council.nyc.gov,"2955 Veterans Road West, 2E",Staten Island,NY,10309,718-984-5151,718-948-1592,250 Broadway - 15th Floor - Suite 1551,New York,NY,10007,212-788-6989,,AAAAAOWHils=,2015-08-25T15:57:04.463
